Date,Value
2022-10-28,84932303
2022-10-27,84926285
2022-10-26,84918681
2022-10-25,84909074
2022-10-24,84902680
2022-10-23,84893809
2022-10-22,84888147
2022-10-21,84879615
2022-10-20,84873410
2022-10-19,84865792
2022-10-18,84855520
2022-10-17,84848488
2022-10-16,84835804
2022-10-15,84830177
2022-10-14,84821900
2022-10-13,84815738
2022-10-12,84794965
2022-10-11,84784364
2022-10-10,84778405
2022-10-09,84771248
2022-10-08,84763812
2022-10-07,84758276
2022-10-06,84751135
2022-10-05,84742628
2022-10-04,84736580
2022-10-03,84729113
2022-10-02,84720680
2022-10-01,84715151
2022-09-30,84706860
2022-09-29,84700886
2022-09-28,84691746
2022-09-27,84684177
2022-09-26,84677545
2022-09-25,84669011
2022-09-24,84663711
2022-09-23,84655736
2022-09-22,84649845
2022-09-21,84641105
2022-09-20,84633460
2022-09-19,84626839
2022-09-18,84618152
2022-09-17,84612407
2022-09-16,84603975
2022-09-15,84596341
2022-09-14,84586559
2022-09-13,84579742
2022-09-12,84564036
2022-09-11,84534928
2022-09-10,84518286
2022-09-09,84503365
2022-09-08,84491435
2022-09-07,84479839
2022-09-06,84471638
2022-09-05,84450896
2022-09-04,84409287
2022-09-03,84380369
2022-09-02,84355552
2022-09-01,84312116
2022-08-31,84268216
2022-08-30,84237465
2022-08-29,84202442
2022-08-28,84155309
2022-08-27,84130807
2022-08-26,84096241
2022-08-25,84089124
2022-08-24,84051954
2022-08-23,84037026
2022-08-22,84015081
2022-08-21,84000033
2022-08-20,83983234
2022-08-19,83964773
2022-08-18,83950184
2022-08-17,83926624
2022-08-16,83900870
2022-08-15,83855672
2022-08-14,83811811
2022-08-13,83774361
2022-08-12,83735720
2022-08-11,83724674
2022-08-10,83712378
2022-08-09,83552244
2022-08-08,83552244
2022-08-07,83552244
2022-08-06,83552244
2022-08-05,83552244
2022-08-04,83552244
2022-08-03,83552244
2022-08-02,83552244
2022-08-01,83552244
2022-07-31,83552244
2022-07-30,83552244
2022-07-29,83552244
2022-07-28,83552244
2022-07-27,83552244
2022-07-26,83552244
2022-07-25,83549256
2022-07-24,83540658
2022-07-23,83529927
2022-07-22,83522198
2022-07-21,83509720
2022-07-20,83496712
2022-07-19,83487382
2022-07-18,83474747
2022-07-17,83464462
2022-07-16,83453461
2022-07-15,83446041
2022-07-14,83434039
2022-07-13,83425160
2022-07-12,83413758
2022-07-11,83400099
2022-07-10,83391786
2022-07-09,83381125
2022-07-08,83373731
2022-07-07,83361356
2022-07-06,83352320
2022-07-05,83341383
2022-07-04,83328590
2022-07-03,83320077
2022-07-02,83308554
2022-07-01,83300101
2022-06-30,83284813
2022-06-29,83275945
2022-06-28,83266359
2022-06-27,83253784
2022-06-26,83244352
2022-06-25,83233459
2022-06-24,83225638
2022-06-23,83212401
2022-06-22,83201943
2022-06-21,83191835
2022-06-20,83179665
2022-06-19,83169278
2022-06-18,83157498
2022-06-17,83149335
2022-06-16,83138581
2022-06-15,83129122
2022-06-14,83113653
2022-06-13,83103982
2022-06-12,83089868
2022-06-11,83081561
2022-06-10,83072514
2022-06-09,83059134
2022-06-08,83049205
2022-06-07,83036310
2022-06-06,83027820
2022-06-05,83015848
2022-06-04,83008557
2022-06-03,82998515
2022-06-02,82987645
2022-06-01,82976783
2022-05-31,82964586
2022-05-30,82953289
2022-05-29,82942219
2022-05-28,82932224
2022-05-27,82923407
2022-05-26,82910283
2022-05-25,82900442
2022-05-24,82887321
2022-05-23,82875668
2022-05-22,82862140
2022-05-21,82853967
2022-05-20,82845464
2022-05-19,82832038
2022-05-18,82822083
2022-05-17,82808036
2022-05-16,82794495
2022-05-15,82779097
2022-05-14,82769080
2022-05-13,82758076
2022-05-12,82741227
2022-05-11,82727918
2022-05-10,82708766
2022-05-09,82692691
2022-05-08,82676808
2022-05-07,82667128
2022-05-06,82656462
2022-05-05,82640482
2022-05-04,82628554
2022-05-03,82611905
2022-05-02,82600140
2022-05-01,82584722
2022-04-30,82574147
2022-04-29,82558590
2022-04-28,82543057
2022-04-27,82525155
2022-04-26,82513318
2022-04-25,82500787
2022-04-24,82484075
2022-04-23,82473408
2022-04-22,82457612
2022-04-21,82442747
2022-04-20,82424301
2022-04-19,82414492
2022-04-18,82396518
2022-04-17,82381678
2022-04-16,82366144
2022-04-15,82355127
2022-04-14,82337525
2022-04-13,82324318
2022-04-12,82310958
2022-04-11,82291272
2022-04-10,82279854
2022-04-09,82263817
2022-04-08,82253091
2022-04-07,82236365
2022-04-06,82224683
2022-04-05,82210147
2022-04-04,82192345
2022-04-03,82180403
2022-04-02,82163558
2022-04-01,82152552
2022-03-31,82134675
2022-03-30,82121641
2022-03-29,82106185
2022-03-28,82087646
2022-03-27,82075248
2022-03-26,82056912
2022-03-25,82041953
2022-03-24,82020635
2022-03-23,82001168
2022-03-22,81969349
2022-03-21,81950237
2022-03-20,81933300
2022-03-19,81915536
2022-03-18,81898785
2022-03-17,81880687
2022-03-16,81868373
2022-03-15,81850353
2022-03-14,81838392
2022-03-13,81826071
2022-03-12,81810020
2022-03-11,81795893
2022-03-10,81778201
2022-03-09,81765425
2022-03-08,81746406
2022-03-07,81734185
2022-03-06,81719605
2022-03-05,81702811
2022-03-04,81691649
2022-03-03,81674267
2022-03-02,81660755
2022-03-01,81640192
2022-02-28,81627879
2022-02-27,81615614
2022-02-26,81600864
2022-02-25,81590254
2022-02-24,81574164
2022-02-23,81560570
2022-02-22,81544008
2022-02-21,81531791
2022-02-20,81520220
2022-02-19,81505163
2022-02-18,81490234
2022-02-17,81473667
2022-02-16,81461058
2022-02-15,81443520
2022-02-14,81433232
2022-02-13,81422319
2022-02-12,81403466
2022-02-11,81389605
2022-02-10,81371914
2022-02-09,81358610
2022-02-08,81338786
2022-02-07,81325780
2022-02-06,81311345
2022-02-05,81294212
2022-02-04,81278517
2022-02-03,81259122
2022-02-02,81246046
2022-02-01,81225430
2022-01-31,81211670
2022-01-30,81195684
2022-01-29,81177298
2022-01-28,81161041
2022-01-27,81142847
2022-01-26,81127912
2022-01-25,81106246
2022-01-24,81081621
2022-01-23,81059244
2022-01-22,81031042
2022-01-21,81006522
2022-01-20,80984735
2022-01-19,80950987
2022-01-18,80926552
2022-01-17,80887860
2022-01-16,80862286
2022-01-15,80828583
2022-01-14,80806886
2022-01-13,80783522
2022-01-12,80758704
2022-01-11,80731171
2022-01-10,80705955
2022-01-09,80669422
2022-01-08,80640496
2022-01-07,80611520
2022-01-06,80590371
2022-01-05,80566700
2022-01-04,80485588
2022-01-03,80395235
2022-01-02,80284756
2022-01-01,80257275
2021-12-31,80235416
2021-12-30,80216994
2021-12-29,80198267
2021-12-28,80173311
2021-12-27,80155152
2021-12-26,80133394
2021-12-25,80118989
2021-12-24,80098385
2021-12-23,80080554
2021-12-22,80065026
2021-12-21,80041033
2021-12-20,80025125
2021-12-19,80003727
2021-12-18,79988946
2021-12-17,79967430
2021-12-16,79948830
2021-12-15,79930972
2021-12-14,79896511
2021-12-13,79875566
2021-12-12,79844469
2021-12-11,79822447
2021-12-10,79802664
2021-12-09,79782547
2021-12-08,79765217
2021-12-07,79736958
2021-12-06,79718879
2021-12-05,79691845
2021-12-04,79669405
2021-12-03,79648596
2021-12-02,79617983
2021-12-01,79596597
2021-11-30,79564829
2021-11-29,79539631
2021-11-28,79497488
2021-11-27,79465802
2021-11-26,79437051
2021-11-25,79394256
2021-11-24,79372482
2021-11-23,79345345
2021-11-22,79323067
2021-11-21,79290368
2021-11-20,79263678
2021-11-19,79240886
2021-11-18,79207196
2021-11-17,79185928
2021-11-16,79157928
2021-11-15,79134603
2021-11-14,79106032
2021-11-13,79088382
2021-11-12,79069148
2021-11-11,79044345
2021-11-10,79014265
2021-11-09,78983880
2021-11-08,78949959
2021-11-07,78928475
2021-11-06,78907308
2021-11-05,78877628
2021-11-04,78854363
2021-11-03,78813568
2021-11-02,78726938
2021-11-01,78600118
2021-10-31,78526717
2021-10-30,78453399
2021-10-29,78330464
2021-10-28,78234753
2021-10-27,78056699
2021-10-26,77995953
2021-10-25,77963440
2021-10-24,77945070
2021-10-23,77916029
2021-10-22,77881078
2021-10-21,77854371
2021-10-20,77814069
2021-10-19,77781139
2021-10-18,77745372
2021-10-17,77719946
2021-10-16,77694910
2021-10-15,77657675
2021-10-14,77619197
2021-10-13,77565819
2021-10-12,77526791
2021-10-11,77470031
2021-10-10,77419701
2021-10-09,77385297
2021-10-08,77334784
2021-10-07,77305998
2021-10-06,77272645
2021-10-05,77247971
2021-10-04,77211165
2021-10-03,77182970
2021-10-02,77162858
2021-10-01,77138085
2021-09-30,77118414
2021-09-29,77068146
2021-09-28,77024898
2021-09-27,76987636
2021-09-26,76952225
2021-09-25,76915829
2021-09-24,76860790
2021-09-23,76830089
2021-09-22,76800690
2021-09-21,76781174
2021-09-20,76758412
2021-09-19,76741922
2021-09-18,76727411
2021-09-17,76703465
2021-09-16,76685092
2021-09-15,76661073
2021-09-14,76643664
2021-09-13,76614030
2021-09-12,76596406
2021-09-11,76575695
2021-09-10,76551550
2021-09-09,76530641
2021-09-08,76504240
2021-09-07,76483094
2021-09-06,76453536
2021-09-05,76427190
2021-09-04,76407261
2021-09-03,76379504
2021-09-02,76360954
2021-09-01,76335693
2021-08-31,76314536
2021-08-30,76288026
2021-08-29,76267810
2021-08-28,76245365
2021-08-27,76224079
2021-08-26,76204344
2021-08-25,76164167
2021-08-24,76072385
2021-08-23,76022034
2021-08-22,75946117
2021-08-21,75905169
2021-08-20,75844665
2021-08-19,75785507
2021-08-18,75721998
2021-08-17,75660018
2021-08-16,75619379
2021-08-15,75591608
2021-08-14,75566791
2021-08-13,75430766
2021-08-12,75368411
2021-08-11,75336013
2021-08-10,75305160
2021-08-09,75283945
2021-08-08,75258445
2021-08-07,75238831
2021-08-06,75214478
2021-08-05,75197786
2021-08-04,75178602
2021-08-03,75154024
2021-08-02,75139114
2021-08-01,75118408
2021-07-31,75104189
2021-07-30,75082622
2021-07-29,75061904
2021-07-28,75045020
2021-07-27,75018446
2021-07-26,75001361
2021-07-25,74978529
2021-07-24,74961568
2021-07-23,74938171
2021-07-22,74924471
2021-07-21,74909841
2021-07-20,74886765
2021-07-19,74868412
2021-07-18,74848579
2021-07-17,74833402
2021-07-16,74815518
2021-07-15,74801954
2021-07-14,74787600
2021-07-13,74765710
2021-07-12,74751819
2021-07-11,74733228
2021-07-10,74718691
2021-07-09,74689421
2021-07-08,74676007
2021-07-07,74661471
2021-07-06,74641798
2021-07-05,74623842
2021-07-04,74605463
2021-07-03,74591958
2021-07-02,74572896
2021-07-01,74557357
2021-06-30,74526447
2021-06-29,74485611
2021-06-28,74449608
2021-06-27,74424320
2021-06-26,74424320
2021-06-25,74424320
2021-06-24,74424320
2021-06-23,74424320
2021-06-15,74063489
2021-06-14,74052123
2021-06-13,74021567
2021-06-12,73978203
2021-06-11,73952242
2021-06-10,73919208
2021-06-09,73900191
2021-06-08,73849530
2021-06-07,73797771
2021-06-06,73759550
2021-06-05,73719164
2021-06-04,73683686
2021-06-03,73624200
2021-06-02,73510158
2021-06-01,73510158
2021-05-31,73510158
2021-05-30,73497375
2021-05-29,73463038
2021-05-28,73438872
2021-05-27,73396376
2021-05-26,73365685
2021-05-25,73329130
2021-05-24,73277908
2021-05-23,73224985
2021-05-22,73178063
2021-05-21,73141813
2021-05-20,73118150
2021-05-19,73079866
2021-05-18,73024411
2021-05-17,72994856
2021-05-16,72951528
2021-05-15,72921238
2021-05-14,72878672
2021-05-13,72846153
2021-05-12,72807185
2021-05-11,72759419
2021-05-10,72724759
2021-05-09,72668583
2021-05-08,72636742
2021-05-07,72588106
2021-05-06,72544353
2021-05-05,72501462
2021-05-04,72441537
2021-05-03,72397964
2021-05-02,72344287
2021-05-01,72296975
2021-04-30,72243107
2021-04-29,72209342
2021-04-28,72166244
2021-04-27,72110435
2021-04-26,72063678
2021-04-25,72007338
2021-04-24,71969289
2021-04-23,71916191
2021-04-22,71859594
2021-04-21,71813518
2021-04-20,71761811
2021-04-19,71716503
2021-04-18,71667351
2021-04-17,71626566
2021-04-16,71562677
2021-04-15,71509209
2021-04-14,71459756
2021-04-13,71397185
2021-04-12,71341311
2021-04-11,71278089
2021-04-10,71237794
2021-04-09,71187139
2021-04-08,71150921
2021-04-07,71102912
2021-04-06,71057751
2021-04-05,71005161
2021-04-04,70928655
2021-04-03,70878134
2021-04-02,70808398
2021-04-01,70726014
2021-03-31,70654818
2021-03-30,70550972
2021-03-29,70495864
2021-03-28,70433591
2021-03-27,70388097
2021-03-26,70326546
2021-03-25,70289100
2021-03-24,70242502
2021-03-23,70159079
2021-03-22,70099359
2021-03-21,70004521
2021-03-20,69946135
2021-03-19,69878801
2021-03-18,69824551
2021-03-17,69765649
2021-03-16,69686892
2021-03-15,69641502
2021-03-14,69573103
2021-03-13,69514376
2021-03-12,69464770
2021-03-11,69404304
2021-03-10,69357675
2021-03-09,69280653
2021-03-08,69254753
2021-03-07,69203700
2021-03-06,69134392
2021-03-05,69083665
2021-03-04,69019122
2021-03-03,68970270
2021-03-02,68899857
2021-03-01,68845871
2021-02-28,68764103
2021-02-27,68696757
2021-02-26,68582382
2021-02-25,68506021
2021-02-24,68418500
2021-02-23,68343337
2021-02-22,68241019
2021-02-21,68141000
2021-02-20,68068190
2021-02-19,67932753
2021-02-18,67829927
2021-02-17,67721500
2021-02-16,67653791
2021-02-15,67568876
2021-02-14,67436812
2021-02-13,67338918
2021-02-12,67237407
2021-02-11,67161038
2021-02-10,67085259
2021-02-09,66955606
2021-02-08,66869436
2021-02-07,66761528
2021-02-06,66670038
2021-02-05,66572792
2021-02-04,66510090
2021-02-03,66453529
2021-02-02,66370326
2021-02-01,66294460
2021-01-31,66185633
2021-01-30,66122422
2021-01-29,66028048
2021-01-28,65949468
2021-01-27,65864603
2021-01-26,65778347
2021-01-25,65709099
2021-01-24,65614420
2021-01-23,65538976
2021-01-22,65440298
2021-01-21,65374335
2021-01-20,65289426
2021-01-19,65174449
2021-01-18,65098378
2021-01-17,64984596
2021-01-16,64923857
2021-01-15,64836331
2021-01-14,64763419
2021-01-13,64695348
2021-01-12,64594938
2021-01-11,64524611
2021-01-10,64407604
2021-01-09,64336534
2021-01-08,64235131
2021-01-07,64152631
2021-01-06,64020580
2021-01-05,63953197
2021-01-04,63842886
2021-01-03,63721612
2021-01-02,63639909
2021-01-01,63530742
2020-12-31,63457366
2020-12-30,63407664
2020-12-29,63288279
2020-12-28,63199039
2020-12-27,63057974
2020-12-26,62962878
2020-12-25,62839076
2020-12-24,62753715
2020-12-23,62651498
2020-12-22,62537750
2020-12-21,62445179
2020-12-20,62318287
2020-12-19,62245572
2020-12-18,62134202
2020-12-17,62007604
2020-12-16,61909985
2020-12-15,61786133
2020-12-14,61690250
2020-12-13,61565218
2020-12-12,61497483
2020-12-11,61353878
2020-12-10,61263225
2020-12-09,61173163
2020-12-08,61016753
2020-12-07,60951761
2020-12-06,60858512
2020-12-05,60776188
2020-12-04,60674403
2020-12-03,60610991
2020-12-02,60541444
2020-12-01,60437999
2020-11-30,60357819
2020-11-29,60200572
2020-11-28,60131510
2020-11-27,59998550
2020-11-26,59901855
2020-11-25,59765575
2020-11-24,59574299
2020-11-23,59397705
2020-11-22,59214641
2020-11-21,59093963
2020-11-20,58973416
2020-11-19,58734308
2020-11-18,58593733
2020-11-17,58417749
2020-11-16,58287313
2020-11-15,58147334
2020-11-14,57904263
2020-11-13,57646148
2020-11-12,57461403
2020-11-11,57265035
2020-11-10,57020742
2020-11-09,56822220
2020-11-08,56596388
2020-11-07,56294172
2020-11-06,56087261
2020-11-05,55991743
2020-11-04,55856860
2020-11-03,55795796
2020-11-02,55753388
2020-11-01,55723813
2020-10-31,55679027
2020-10-30,55639970
2020-10-29,55603227
2020-10-28,55552213
2020-10-27,55515536
2020-10-26,55451045
2020-10-25,55400672
2020-10-24,55352545
2020-10-23,55310073
2020-10-22,55257266
2020-10-21,55208001
2020-10-20,55163420
2020-10-19,55115853
2020-10-18,55079394
2020-10-17,55030303
2020-10-16,55000664
2020-10-15,54949726
2020-10-14,54902129
2020-10-13,54848355
2020-10-12,54782949
2020-10-11,54727717
2020-10-10,54670996
2020-10-09,54634276
2020-10-08,54575650
2020-10-07,54544080
2020-10-06,54512273
2020-10-05,54466372
2020-10-04,54422490
2020-10-03,54381298
2020-10-02,54355557
2020-10-01,54309711
2020-09-30,54268353
2020-09-29,54224524
2020-09-28,54176009
2020-09-27,54148169
2020-09-26,54103040
2020-09-25,54070881
2020-09-24,54030335
2020-09-23,54003620
2020-09-22,53969300
2020-09-21,53919623
2020-09-20,53887732
2020-09-19,53838268
2020-09-18,53806038
2020-09-17,53765846
2020-09-16,53730063
2020-09-15,53688939
2020-09-14,53657894
2020-09-13,53615722
2020-09-12,53587633
2020-09-11,53539575
2020-09-10,53516044
2020-09-09,53486559
2020-09-08,53449473
2020-09-07,53418019
2020-09-06,53384436
2020-09-05,53356274
2020-09-04,53320829
2020-09-03,53290770
2020-09-02,53256853
2020-09-01,53215210
2020-08-31,53185834
2020-08-30,53146374
2020-08-29,53122759
2020-08-28,53087838
2020-08-27,53055487
2020-08-26,53029649
2020-08-25,52991948
2020-08-24,52960154
2020-08-23,52919425
2020-08-22,52886211
2020-08-21,52845759
2020-08-20,52817610
2020-08-19,52782166
2020-08-18,52738000
2020-08-17,52706520
2020-08-16,52664855
2020-08-15,52627011
2020-08-14,52580626
2020-08-13,52540394
2020-08-12,52507724
2020-08-11,52458602
2020-08-10,52419945
2020-08-09,52379036
2020-08-08,52349422
2020-08-07,52308662
2020-08-06,52272414
2020-08-05,52226563
2020-08-04,52195068
2020-08-03,52148832
2020-08-02,52120519
2020-08-01,52083351
2020-07-31,52039617
2020-07-30,52011787
2020-07-29,51952473
2020-07-28,51903974
2020-07-27,51838178
2020-07-26,51801499
2020-07-25,51762365
2020-07-24,51702236
2020-07-23,51652345
2020-07-22,51592769
2020-07-21,51559155
2020-07-20,51504055
2020-07-19,51467910
2020-07-18,51438971
2020-07-17,51390785
2020-07-16,51353381
2020-07-15,51304849
2020-07-14,51264652
2020-07-13,51213490
2020-07-12,51179181
2020-07-11,51143211
2020-07-10,51100924
2020-07-09,51061792
2020-07-08,51016714
2020-07-07,50976071
2020-07-06,50933404
2020-07-05,50899899
2020-07-04,50874784
2020-07-03,50834080
2020-07-02,50802985
2020-07-01,50760420
2020-06-30,50716342
2020-06-29,50674320
2020-06-28,50632538
2020-06-27,50600687
2020-06-26,50558970
2020-06-25,50528385
2020-06-24,50486024
2020-06-23,50450420
2020-06-22,50408653
2020-06-21,50360607
2020-06-20,50325322
2020-06-19,50280257
2020-06-18,50246500
2020-06-17,50206369
2020-06-16,50166014
2020-06-15,50126939
2020-06-14,50089369
2020-06-13,50058282
2020-06-12,50031529
2020-06-11,49984930
2020-06-10,49956355
2020-06-09,49917252
2020-06-08,49888402
2020-06-07,49841267
2020-06-06,49816588
2020-06-05,49783919
2020-06-04,49741292
2020-06-03,49709097
2020-06-02,49681375
2020-06-01,49639293
2020-05-31,49612974
2020-05-30,49584938
2020-05-29,49552512
2020-05-28,49526761
2020-05-27,49483073
2020-05-26,49457839
2020-05-25,49413967
2020-05-24,49378595
2020-05-23,49338881
2020-05-22,49291081
2020-05-21,49254397
2020-05-20,49203381
2020-05-19,49161786
2020-05-18,49113120
2020-05-17,49072394
2020-05-16,49038987
2020-05-15,48985559
2020-05-14,48930040
2020-05-13,48863513
2020-05-12,48827911
2020-05-11,48785147
2020-05-10,48711408
2020-05-09,48643060
2020-05-08,48559037
2020-05-07,48501845
2020-05-06,48428490
2020-05-05,48389132
2020-05-04,48349487
2020-05-03,48314809
2020-05-02,48274688
2020-05-01,48237283
2020-04-30,48193433
2020-04-29,48150708
2020-04-28,48118992
2020-04-27,48079299
2020-04-26,48051767
2020-04-25,48011787
2020-04-24,47981738
2020-04-23,47940056
2020-04-22,47912346
2020-04-21,47881705
2020-04-20,47840252
2020-04-19,47802950
2020-04-18,47766528
2020-04-17,47740271
2020-04-16,47706353
2020-04-15,47671079
2020-04-14,47633750
2020-04-13,47599472
2020-04-12,47567034
2020-04-11,47525466
2020-04-10,47499401
2020-04-09,47468624
2020-04-08,47432901
2020-04-07,47377765
2020-04-06,47347479
2020-04-05,47299719
2020-04-04,47270376
2020-04-03,47246268
2020-04-02,47189425
2020-04-01,47172006
2020-03-31,47119552
2020-03-30,47103705
2020-03-29,47054658
2020-03-28,47024338
2020-03-27,47009505
2020-03-26,46960435
2020-03-25,46941859
2020-03-24,46891751
2020-03-23,46860343
2020-03-22,46843686
2020-03-21,46783958
2020-03-20,46762105
2020-03-19,46721606
2020-03-18,46698107
2020-03-17,46679512
2020-03-16,46638619
2020-03-15,46616929
2020-03-14,46585354
2020-03-13,46558540
2020-03-12,46510669
2020-03-11,46493972
2020-03-10,46474635
2020-03-09,46440772
2020-03-08,46429464
2020-03-07,46400593
2020-03-06,46389789
2020-03-05,46371330
2020-03-04,46333287
2020-03-03,46319069
2020-03-02,46284367
2020-03-01,46273291
2020-02-29,46262950
2020-02-28,46235497
2020-02-27,46210006
2020-02-26,46176017
2020-02-25,46162646
2020-02-24,46128902
2020-02-23,46113964
2020-02-22,46097716
2020-02-21,46066015
2020-02-20,46052617
2020-02-19,46016535
2020-02-18,46005514
2020-02-17,45980248
2020-02-16,45941918
2020-02-15,45928651
2020-02-14,45895180
2020-02-13,45881476
2020-02-12,45860122
2020-02-11,45820295
2020-02-10,45806648
2020-02-09,45766740
2020-02-08,45753093
2020-02-07,45717091
2020-02-06,45695284
2020-02-05,45681753
2020-02-04,45633595
2020-02-03,45623961
2020-02-02,45568877
2020-02-01,45543087
2020-01-31,45508555
2020-01-30,45464188
2020-01-29,45443453
2020-01-28,45404175
2020-01-27,45382348
2020-01-26,45362743
2020-01-25,45330479
2020-01-24,45320984
2020-01-23,45286088
2020-01-22,45274690
2020-01-21,45245218
2020-01-20,45222594
2020-01-19,45201459
2020-01-18,45181133
2020-01-17,45161679
2020-01-16,45131954
2020-01-15,45106265
2020-01-14,45072235
2020-01-13,45038129
2020-01-12,45007834
2020-01-11,44973673
2020-01-10,44946348
2020-01-09,44908459
2020-01-08,44875478
2020-01-07,44850467
2020-01-06,44818309
2020-01-05,44793044
2020-01-04,44768951
2020-01-03,44748738
2020-01-02,44729012
2020-01-01,44710899
2019-12-31,44690210
2019-12-30,44667093
2019-12-29,44648926
2019-12-28,44631818
2019-12-27,44610480
2019-12-26,44592373
2019-12-25,44572616
2019-12-24,44556096
2019-12-23,44532827
2019-12-22,44511642
2019-12-21,44493665
2019-12-20,44476864
2019-12-19,44456197
2019-12-18,44433952
2019-12-17,44400348
2019-12-16,44374719
2019-12-15,44350614
2019-12-14,44296362
2019-12-13,44281785
2019-12-12,44224414
2019-12-11,44207970
2019-12-10,44156366
2019-12-09,44126743
2019-12-08,44110383
2019-12-07,44072663
2019-12-06,44058104
2019-12-05,44015479
2019-12-04,43998935
2019-12-03,43969171
2019-12-02,43931087
2019-12-01,43911099
2019-11-30,43868014
2019-11-29,43847203
2019-11-28,43832183
2019-11-27,43781467
2019-11-26,43769106
2019-11-25,43729404
2019-11-24,43703259
2019-11-23,43660558
2019-11-22,43637737
2019-11-21,43611739
2019-11-20,43553911
2019-11-19,43518795
2019-11-18,43455306
2019-11-17,43443185
2019-11-16,43428228
2019-11-15,43366266
2019-11-14,43351676
2019-11-13,43320443
2019-11-12,43305277
2019-11-11,43290714
2019-11-10,43262806
2019-11-09,43245198
2019-11-08,43218922
2019-11-07,43208745
2019-11-06,43165127
2019-11-05,43144770
2019-11-04,43127467
2019-11-03,43096329
2019-11-02,43090624
2019-11-01,43063823
2019-10-31,43052627
2019-10-30,43024639
2019-10-29,42988925
2019-10-28,42976277
2019-10-27,42935987
2019-10-26,42925721
2019-10-25,42903322
2019-10-24,42867855
2019-10-23,42854235
2019-10-22,42821901
2019-10-21,42802541
2019-10-20,42759299
2019-10-19,42744436
2019-10-18,42733586
2019-10-17,42704431
2019-10-16,42696924
2019-10-15,42665769
2019-10-14,42646165
2019-10-13,42631287
2019-10-12,42605937
2019-10-11,42587356
2019-10-10,42547545
2019-10-09,42517937
2019-10-08,42502529
2019-10-07,42480269
2019-10-06,42455257
2019-10-05,42431430
2019-10-04,42421559
2019-10-03,42383274
2019-10-02,42362119
2019-10-01,42331656
2019-09-30,42298828
2019-09-29,42285656
2019-09-28,42258154
2019-09-27,42244254
2019-09-26,42232966
2019-09-25,42206586
2019-09-24,42185530
2019-09-23,42152608
2019-09-22,42142254
2019-09-21,42129293
2019-09-20,42105327
2019-09-19,42090468
2019-09-18,42051065
2019-09-17,42039692
2019-09-16,42003731
2019-09-15,41986298
2019-09-14,41975759
2019-09-13,41941175
2019-09-12,41930372
2019-09-11,41889438
2019-09-10,41848524
2019-09-09,41831117
2019-09-08,41785785
2019-09-07,41778659
2019-09-06,41747915
2019-09-05,41734044
2019-09-04,41710860
2019-09-03,41675716
2019-09-02,41663507
2019-09-01,41634225
2019-08-31,41624155
2019-08-30,41592076
2019-08-29,41567754
2019-08-28,41556264
2019-08-27,41527053
2019-08-26,41514600
2019-08-25,41475558
2019-08-24,41453587
2019-08-23,41442701
2019-08-22,41398204
2019-08-21,41378994
2019-08-20,41340625
2019-08-19,41327953
2019-08-18,41313448
2019-08-17,41286754
2019-08-16,41278559
2019-08-15,41247827
2019-08-14,41232379
2019-08-13,41201250
2019-08-12,41190440
2019-08-11,41177950
2019-08-10,41154148
2019-08-09,41137588
2019-08-08,41108175
2019-08-07,41095926
2019-08-06,41077035
2019-08-05,41037416
2019-08-04,41020677
2019-08-03,40981144
2019-08-02,40970953
2019-08-01,40955340
2019-07-31,40921320
2019-07-30,40904092
2019-07-29,40853148
2019-07-28,40841106
2019-07-27,40808062
2019-07-26,40793697
2019-07-25,40770164
2019-07-24,40737498
2019-07-23,40728553
2019-07-22,40667475
2019-07-21,40657260
2019-07-20,40633456
2019-07-19,40589226
2019-07-18,40565937
2019-07-17,40519048
2019-07-16,40505204
2019-07-15,40482019
2019-07-14,40449137
2019-07-13,40437295
2019-07-12,40399598
2019-07-11,40376174
2019-07-10,40345619
2019-07-09,40309827
2019-07-08,40291530
2019-07-07,40254690
2019-07-06,40243498
2019-07-05,40211632
2019-07-04,40196038
2019-07-03,40161666
2019-07-02,40132828
2019-07-01,40111836
2019-06-30,40074020
2019-06-29,40060638
2019-06-28,40043461
2019-06-27,39991499
2019-06-26,39966160
2019-06-25,39916046
2019-06-24,39874981
2019-06-23,39828832
2019-06-22,39796206
2019-06-21,39763959
2019-06-20,39706761
2019-06-19,39645327
2019-06-18,39595836
2019-06-17,39565042
2019-06-16,39542281
2019-06-15,39491491
2019-06-14,39465906
2019-06-13,39393001
2019-06-12,39376037
2019-06-11,39333621
2019-06-10,39271688
2019-06-09,39252978
2019-06-08,39212746
2019-06-07,39193769
2019-06-06,39133717
2019-06-05,39094131
2019-06-04,39072961
2019-06-03,39002339
2019-06-02,38976746
2019-06-01,38919827
2019-05-31,38872023
2019-05-30,38851168
2019-05-29,38757603
2019-05-28,38718151
2019-05-27,38614230
2019-05-26,38557767
2019-05-25,38532755
2019-05-24,38459166
2019-05-23,38414559
2019-05-22,38307018
2019-05-21,38278908
2019-05-20,38157593
2019-05-19,38114681
2019-05-18,38065417
2019-05-17,37984542
2019-05-16,37936290
2019-05-15,37835748
2019-05-14,37766574
2019-05-13,37717437
2019-05-12,37606748
2019-05-11,37577353
2019-05-10,37471212
2019-05-09,37439814
2019-05-08,37371043
2019-05-07,37220274
2019-05-06,37188347
2019-05-05,37028473
2019-05-04,36995377
2019-05-03,36861953
2019-05-02,36772309
2019-05-01,36740759
2019-04-30,36616530
2019-04-29,36566166
2019-04-28,36401878
2019-04-27,36353202
2019-04-26,36292480
2019-04-25,36158919
2019-04-24,36102750
2019-04-23,35995802
2019-04-22,35874712
2019-04-21,35845342
2019-04-20,35778340
2019-04-19,35741771
2019-04-18,35648587
2019-04-17,35587956
2019-04-16,35517163
2019-04-15,35494538
2019-04-14,35463346
2019-04-13,35402673
2019-04-12,35379002
2019-04-11,35280965
2019-04-10,35232412
2019-04-09,35179532
2019-04-08,35060171
2019-04-07,35013239
2019-04-06,34960407
2019-04-05,34934498
2019-04-04,34897352
2019-04-03,34845001
2019-04-02,34783128
2019-04-01,34695663
2019-03-31,34660975
2019-03-30,34596866
2019-03-29,34579239
2019-03-28,34544389
2019-03-27,34507055
2019-03-26,34487434
2019-03-25,34446117
2019-03-24,34433949
2019-03-23,34420035
2019-03-22,34386213
2019-03-21,34377269
2019-03-20,34332751
2019-03-19,34319956
2019-03-18,34294094
2019-03-17,34234548
2019-03-16,34223905
2019-03-15,34193691
2019-03-14,34179281
2019-03-13,34140521
2019-03-12,34127053
2019-03-11,34104676
2019-03-10,34080131
2019-03-09,34055947
2019-03-08,34026470
2019-03-07,34006093
2019-03-06,33974721
2019-03-05,33945919
2019-03-04,33919680
2019-03-03,33888556
2019-03-02,33878225
2019-03-01,33840798
2019-02-28,33780967
2019-02-27,33733170
2019-02-26,33651665
2019-02-25,33629564
2019-02-24,33576732
2019-02-23,33544880
2019-02-22,33513777
2019-02-21,33436941
2019-02-20,33419367
2019-02-19,33372940
2019-02-18,33339964
2019-02-17,33321937
2019-02-16,33283619
2019-02-15,33266243
2019-02-14,33232545
2019-02-13,33209938
2019-02-12,33196926
2019-02-11,33168131
2019-02-10,33139376
2019-02-09,33104923
2019-02-08,33092413
2019-02-07,33046600
2019-02-06,33018379
2019-02-05,33001911
2019-02-04,32965404
2019-02-03,32947450
2019-02-02,32897305
2019-02-01,32872051
2019-01-31,32865601
2019-01-30,32808338
2019-01-29,32778119
2019-01-28,32728557
2019-01-27,32704263
2019-01-26,32688146
2019-01-25,32657809
2019-01-24,32640825
2019-01-23,32594221
2019-01-22,32579944
2019-01-21,32551555
2019-01-20,32527239
2019-01-19,32512090
2019-01-18,32476244
2019-01-17,32466144
2019-01-16,32418226
2019-01-15,32361063
2019-01-14,32350802
2019-01-13,32311110
2019-01-12,32299973
2019-01-11,32262119
2019-01-10,32237325
2019-01-09,32218090
2019-01-08,32188996
2019-01-07,32178353
2019-01-06,32136516
2019-01-05,32124379
2019-01-04,31983139
2019-01-03,31969197
2019-01-02,31955907
2019-01-01,31920413
2018-12-31,31906385
2018-12-30,31869983
2018-12-29,31852950
2018-12-28,31842640
2018-12-27,31817708
2018-12-26,31780906
2018-12-25,31753828
2018-12-24,31747538
2018-12-23,31724753
2018-12-22,31686106
2018-12-21,31663887
2018-12-20,31635631
2018-12-19,31626688
2018-12-18,31585141
2018-12-17,31564463
2018-12-16,31549392
2018-12-15,31506165
2018-12-14,31496427
2018-12-13,31457856
2018-12-12,31433112
2018-12-11,31415099
2018-12-10,31381899
2018-12-09,31375074
2018-12-08,31336330
2018-12-07,31328447
2018-12-06,31298604
2018-12-05,31262139
2018-12-04,31243161
2018-12-03,31206534
2018-12-02,31188869
2018-12-01,31148489
2018-11-30,31133195
2018-11-29,31115819
2018-11-28,31069280
2018-11-27,31043047
2018-11-26,30977870
2018-11-25,30950004
2018-11-24,30932747
2018-11-23,30875886
2018-11-22,30848044
2018-11-21,30781813
2018-11-20,30716515
2018-11-19,30680119
2018-11-18,30622107
2018-11-17,30589369
2018-11-16,30530642
2018-11-15,30484071
2018-11-14,30402217
2018-11-13,30361989
2018-11-12,30327611
2018-11-11,30252409
2018-11-10,30210108
2018-11-09,30133865
2018-11-08,30077554
2018-11-07,30031462
2018-11-06,29934993
2018-11-05,29921976
2018-11-04,29880952
2018-11-03,29858742
2018-11-02,29841318
2018-11-01,29790877
2018-10-31,29779040
2018-10-30,29722039
2018-10-29,29708670
2018-10-28,29669649
2018-10-27,29651107
2018-10-26,29626751
2018-10-25,29567762
2018-10-24,29558062
2018-10-23,29510311
2018-10-22,29493113
2018-10-21,29474194
2018-10-20,29423487
2018-10-19,29409421
2018-10-18,29369626
2018-10-17,29344502
2018-10-16,29323774
2018-10-15,29275607
2018-10-14,29258687
2018-10-13,29226740
2018-10-12,29218709
2018-10-11,29174757
2018-10-10,29143292
2018-10-09,29130908
2018-10-08,29098348
2018-10-07,29080633
2018-10-06,29035110
2018-10-05,29016894
2018-10-04,28992821
2018-10-03,28958471
2018-10-02,28942535
2018-10-01,28904902
2018-09-30,28882247
2018-09-29,28869795
2018-09-28,28830132
2018-09-27,28815399
2018-09-26,28769069
2018-09-25,28744506
2018-09-24,28705663
2018-09-23,28695262
2018-09-22,28682122
2018-09-21,28645157
2018-09-20,28621807
2018-09-19,28578862
2018-09-18,28558403
2018-09-17,28533932
2018-09-16,28493640
2018-09-15,28483576
2018-09-14,28445015
2018-09-13,28433724
2018-09-12,28417954
2018-09-11,28380995
2018-09-10,28362032
2018-09-09,28323685
2018-09-08,28311881
2018-09-07,28272498
2018-09-06,28263169
2018-09-05,28242292
2018-09-04,28204944
2018-09-03,28191701
2018-09-02,28146023
2018-09-01,28134322
2018-08-31,28112529
2018-08-30,28079069
2018-08-29,28060207
2018-08-28,28016592
2018-08-27,28003510
2018-08-26,27986176
2018-08-25,27953017
2018-08-24,27942213
2018-08-23,27910696
2018-08-22,27899774
2018-08-21,27870705
2018-08-20,27854758
2018-08-19,27836591
2018-08-18,27802018
2018-08-17,27780989
2018-08-16,27745909
2018-08-15,27715790
2018-08-14,27689208
2018-08-13,27652104
2018-08-12,27628301
2018-08-11,27566714
2018-08-10,27531582
2018-08-09,27486847
2018-08-08,27405577
2018-08-07,27315257
2018-08-06,27274485
2018-08-05,27222344
2018-08-04,27143784
2018-08-03,27083505
2018-08-02,27040929
2018-08-01,27000921
2018-07-31,26942008
2018-07-30,26892507
2018-07-29,26842015
2018-07-28,26816007
2018-07-27,26757275
2018-07-26,26733709
2018-07-25,26671820
2018-07-24,26621015
2018-07-23,26565485
2018-07-22,26525530
2018-07-21,26489365
2018-07-20,26420736
2018-07-19,26381940
2018-07-18,26357257
2018-07-17,26317963
2018-07-16,26305810
2018-07-15,26258594
2018-07-14,26233588
2018-07-13,26205331
2018-07-12,26171813
2018-07-11,26155626
2018-07-10,26109542
2018-07-09,26075111
2018-07-08,26040441
2018-07-07,26008451
2018-07-06,26002911
2018-07-05,25924685
2018-07-04,25881794
2018-07-03,25848783
2018-07-02,25801666
2018-07-01,25766282
2018-06-30,25745972
2018-06-29,25700598
2018-06-28,25634484
2018-06-27,25609013
2018-06-26,25577537
2018-06-25,25548305
2018-06-24,25520661
2018-06-23,25487339
2018-06-22,25471534
2018-06-21,25429966
2018-06-20,25402550
2018-06-19,25383950
2018-06-18,25363145
2018-06-17,25346220
2018-06-16,25334160
2018-06-15,25314589
2018-06-14,25294827
2018-06-13,25275722
2018-06-12,25255751
2018-06-11,25236934
2018-06-10,25223119
2018-06-09,25209656
2018-06-08,25191101
2018-06-07,25170037
2018-06-06,25148027
2018-06-05,25128406
2018-06-04,25103521
2018-06-03,25082595
2018-06-02,25068725
2018-06-01,25044249
2018-05-31,25027274
2018-05-30,24999675
2018-05-29,24983131
2018-05-28,24962353
2018-05-27,24947903
2018-05-26,24934975
2018-05-25,24917053
2018-05-24,24901198
2018-05-23,24880041
2018-05-22,24861590
2018-05-21,24844348
2018-05-20,24828162
2018-05-19,24816167
2018-05-18,24793998
2018-05-17,24776915
2018-05-16,24760116
2018-05-15,24745452
2018-05-14,24732020
2018-05-13,24709581
2018-05-12,24695265
2018-05-11,24672471
2018-05-10,24657976
2018-05-09,24648017
2018-05-08,24622301
2018-05-07,24604449
2018-05-06,24585031
2018-05-05,24568592
2018-05-04,24557052
2018-05-03,24531095
2018-05-02,24500608
2018-05-01,24484140
2018-04-30,24457182
2018-04-28,24391577
2018-04-27,24391577
2018-04-26,24372637
2018-04-25,24354558
2018-04-24,24334231
2018-04-23,24317104
2018-04-22,24301501
2018-04-21,24282954
2018-04-20,24267516
2018-04-19,24247834
2018-04-18,24233739
2018-04-17,24214322
2018-04-16,24198982
2018-04-15,24183999
2018-04-14,24166869
2018-04-13,24149819
2018-04-12,24131097
2018-04-11,24118868
2018-04-10,24101412
2018-04-09,24082688
2018-04-08,24069870
2018-04-07,24056184
2018-04-06,24049481
2018-04-05,24023935
2018-04-04,24003136
2018-04-03,23990517
2018-04-02,23969902
2018-04-01,23967625
2018-03-31,23938923
2018-03-30,23922469
2018-03-29,23902116
2018-03-28,23886161
2018-03-27,23881895
2018-03-26,23866247
2018-03-25,23832625
2018-03-24,23814815
2018-03-23,23797280
2018-03-22,23782053
2018-03-21,23760547
2018-03-20,23745026
2018-03-19,23723080
2018-03-18,23713008
2018-03-17,23694001
2018-03-16,23671846
2018-03-15,23651937
2018-03-14,23628176
2018-03-13,23617253
2018-03-12,23590385
2018-03-11,23573197
2018-03-10,23558131
2018-03-09,23536536
2018-03-08,23523616
2018-03-07,23497629
2018-03-06,23478965
2018-03-05,23454702
2018-03-04,23436973
2018-03-03,23422745
2018-03-02,23393072
2018-03-01,23374674
2018-02-28,23351033
2018-02-27,23329572
2018-02-26,23316633
2018-02-25,23287384
2018-02-24,23266988
2018-02-23,23246285
2018-02-22,23225033
2018-02-21,23213529
2018-02-20,23179921
2018-02-19,23154031
2018-02-18,23134321
2018-02-17,23129454
2018-02-16,23102227
2018-02-15,23078366
2018-02-14,23051069
2018-02-13,23038728
2018-02-12,22994461
2018-02-11,22991753
2018-02-10,22953139
2018-02-09,22946498
2018-02-08,22907903
2018-02-07,22883357
2018-02-06,22877387
2018-02-05,22833137
2018-02-04,22827172
2018-02-03,22783332
2018-02-02,22759639
2018-02-01,22727139
2018-01-31,22697724
2018-01-30,22694466
2018-01-29,22639297
2018-01-28,22609648
2018-01-27,22577505
2018-01-26,22573632
2018-01-25,22518982
2018-01-24,22508835
2018-01-23,22473740
2018-01-22,22448486
2018-01-21,22421059
2018-01-20,22359417
2018-01-19,22336849
2018-01-18,22280452
2018-01-17,22274018
2018-01-16,22199550
2018-01-15,22159448
2018-01-14,22139819
2018-01-13,22080990
2018-01-12,22069779
2018-01-11,22002952
2018-01-10,21956969
2018-01-09,21935758
2018-01-08,21843667
2018-01-07,21829648
2018-01-06,21747072
2018-01-05,21711798
2018-01-04,21636969
2018-01-03,21593351
2018-01-02,21580676
2018-01-01,21509704
2017-12-31,21495718
2017-12-30,21468633
2017-12-29,21400134
2017-12-28,21358221
2017-12-27,21346025
2017-12-26,21291660
2017-12-25,21249422
2017-12-24,21173119
2017-12-23,21165559
2017-12-22,21050400
2017-12-21,20997662
2017-12-20,20979889
2017-12-19,20843609
2017-12-18,20822024
2017-12-17,20693380
2017-12-16,20675865
2017-12-15,20555567
2017-12-14,20538020
2017-12-13,20390317
2017-12-12,20322697
2017-12-11,20287315
2017-12-10,20193317
2017-12-09,20068797
2017-12-08,19971574
2017-12-07,19936050
2017-12-06,19820798
2017-12-05,19746602
2017-12-04,19643241
2017-12-03,19597900
2017-12-02,19546323
2017-12-01,19479107
2017-11-30,19430457
2017-11-29,19336323
2017-11-28,19261417
2017-11-27,19190597
2017-11-26,19152189
2017-11-25,19107369
2017-11-24,19087129
2017-11-23,19046316
2017-11-22,19004440
2017-11-21,18966444
2017-11-20,18937477
2017-11-19,18902058
2017-11-18,18855103
2017-11-17,18832344
2017-11-16,18797412
2017-11-15,18757563
2017-11-14,18732076
2017-11-13,18692769
2017-11-12,18648418
2017-11-11,18616356
2017-11-10,18584907
2017-11-09,18557651
2017-11-08,18511288
2017-11-07,18484924
2017-11-06,18452011
2017-11-05,18405132
2017-11-04,18362896
2017-11-03,18325695
2017-11-02,18260338
2017-11-01,18234008
2017-10-31,18201731
2017-10-30,18130912
2017-10-29,18107092
2017-10-28,18066019
2017-10-27,18053981
2017-10-26,18019904
2017-10-25,17985489
2017-10-24,17933621
2017-10-23,17910984
2017-10-22,17882627
2017-10-21,17834066
2017-10-20,17804248
2017-10-19,17750996
2017-10-18,17736481
2017-10-17,17705898
2017-10-16,17665382
2017-10-15,17639093
2017-10-14,17595050
2017-10-13,17575874
2017-10-12,17529679
2017-10-11,17497046
2017-10-10,17468930
2017-10-09,17452385
2017-10-08,17431605
2017-10-07,17404506
2017-10-06,17385625
2017-10-05,17369309
2017-10-04,17332159
2017-10-03,17312457
2017-10-02,17300066
2017-10-01,17277818
2017-09-30,17255044
2017-09-29,17226168
2017-09-28,17201375
2017-09-27,17182806
2017-09-26,17162305
2017-09-25,17134865
2017-09-24,17104249
2017-09-23,17097854
2017-09-22,17081938
2017-09-21,17056108
2017-09-20,17032335
2017-09-16,16896609
2017-09-15,16896609
2017-09-14,16881324
2017-09-13,16850903
2017-09-12,16829685
2017-09-11,16790164
2017-09-10,16775085
2017-09-09,16751705
2017-09-08,16720764
2017-09-07,16699899
2017-09-06,16660188
2017-09-05,16633880
2017-09-04,16608847
2017-09-03,16577787
2017-09-02,16543820
2017-09-01,16519724
2017-08-31,16483747
2017-08-30,16452279
2017-08-29,16413878
2017-08-28,16374073
2017-08-27,16362216
2017-08-26,16337365
2017-08-25,16318023
2017-08-24,16285960
2017-08-23,16254090
2017-08-22,16236142
2017-08-21,16203923
2017-08-20,16174158
2017-08-19,16135274
2017-08-18,16118648
2017-08-17,16093158
2017-08-16,16057651
2017-08-15,16030405
2017-08-14,15992082
2017-08-13,15967771
2017-08-12,15936256
2017-08-11,15913531
2017-08-10,15895133
2017-08-09,15868134
2017-08-08,15848250
2017-08-07,15818738
2017-08-06,15795255
2017-08-05,15770223
2017-08-04,15754533
2017-08-03,15738376
2017-08-02,15713084
2017-08-01,15695040
2017-07-14,15277283
2017-07-13,15277283
2017-07-12,15265268
2017-07-11,15235621
2017-07-10,15212409
2017-07-09,15193479
2017-07-08,15157826
2017-07-07,15131111
2017-07-06,15107585
2017-07-05,15087440
2017-07-04,15063641
2017-07-03,15018195
2017-07-02,15012452
2017-07-01,14992878
2017-06-30,14968009
2017-06-29,14931956
2017-06-28,14910983
2017-06-27,14880156
2017-06-26,14864429
2017-06-25,14833004
2017-06-24,14816623
2017-06-23,14789322
2017-06-22,14759006
2017-06-21,14727682
2017-06-20,14710694
2017-06-19,14683513
2017-06-18,14657444
2017-06-17,14635922
2017-06-16,14613236
2017-06-15,14587846
2017-06-14,14559986
2017-06-13,14533360
2017-06-12,14504349
2017-06-11,14474934
2017-06-10,14451045
2017-06-09,14427305
2017-06-08,14401811
2017-06-07,14375398
2017-06-06,14345800
2017-06-05,14316618
2017-06-04,14290963
2017-06-03,14268112
2017-06-02,14245077
2017-06-01,14218866
2017-05-31,14191518
2017-05-30,14164776
2017-05-29,14137661
2017-05-28,14109805
2017-05-27,14086510
2017-05-26,14060114
2017-05-25,14025468
2017-05-24,13984593
2017-05-23,13948531
2017-05-22,13911418
2017-05-21,13880971
2017-05-20,13855725
2017-05-19,13831826
2017-05-18,13805977
2017-05-17,13780592
2017-05-16,13754432
2017-05-15,13728806
2017-05-14,13703661
2017-05-13,13681547
2017-05-12,13658065
2017-05-11,13634929
2017-05-10,13611433
2017-05-09,13587310
2017-05-08,13564021
2017-05-07,13542684
2017-05-06,13523985
2017-05-05,13503518
2017-05-04,13480936
2017-05-03,13459052
2017-05-02,13439324
2017-05-01,13419295
2017-04-30,13401555
2017-04-29,13386157
2017-04-28,13369326
2017-04-27,13350970
2017-04-26,13332202
2017-04-25,13313643
2017-04-24,13295023
2017-04-23,13277259
2017-04-22,13261327
2017-04-21,13245107
2017-04-20,13228570
2017-04-19,13210892
2017-04-18,13193214
2017-04-17,13174781
2017-04-16,13157931
2017-04-15,13143766
2017-04-14,13129058
2017-04-13,13112613
2017-04-12,13095200
2017-04-11,13078292
2017-04-10,13060756
2017-04-09,13044154
2017-04-08,13029552
2017-04-07,13013593
2017-04-06,12995484
2017-04-05,12976517
2017-04-04,12957995
2017-04-03,12938853
2017-04-02,12921247
2017-04-01,12905207
2017-03-31,12888060
2017-03-30,12870915
2017-03-29,12853530
2017-03-28,12836242
2017-03-27,12818152
2017-03-26,12800919
2017-03-25,12785093
2017-03-24,12767467
2017-03-23,12748358
2017-03-22,12728925
2017-03-21,12709860
2017-03-20,12691470
2017-03-19,12673511
2017-03-18,12656618
2017-03-17,12639003
2017-03-16,12619042
2017-03-15,12599825
2017-03-14,12581602
2017-03-13,12563447
2017-03-12,12545254
2017-03-11,12528656
2017-03-10,12511003
2017-03-09,12492436
2017-03-08,12473057
2017-03-07,12453478
2017-03-06,12433044
2017-03-05,12413383
2017-03-04,12393892
2017-03-03,12373763
2017-03-02,12352066
2017-03-01,12331325
2017-02-28,12309173
2017-02-27,12284096
2017-02-26,12259730
2017-02-25,12237328
2017-02-24,12212766
2017-02-23,12189249
2017-02-22,12165897
2017-02-21,12142735
2017-02-20,12119410
2017-02-19,12096833
2017-02-18,12076602
2017-02-17,12054884
2017-02-16,12032820
2017-02-15,12009557
2017-02-14,11987965
2017-02-13,11965919
2017-02-12,11943593
2017-02-11,11922903
2017-02-10,11901993
2017-02-09,11880316
2017-02-08,11857977
2017-02-07,11835231
2017-02-06,11811899
2017-02-05,11788875
2017-02-04,11766900
2017-02-03,11744910
2017-02-02,11722629
2017-02-01,11699453
2017-01-31,11676600
2017-01-30,11653093
2017-01-29,11631342
2017-01-28,11611762
2017-01-27,11591356
2017-01-26,11570337
2017-01-25,11549342
2017-01-24,11527544
2017-01-23,11505686
2017-01-22,11482516
2017-01-21,11462398
2017-01-20,11442446
2017-01-19,11421609
2017-01-18,11398826
2017-01-17,11375964
2017-01-16,11353117
2017-01-15,11331053
2017-01-14,11310109
2017-01-13,11288454
2017-01-12,11265681
2017-01-11,11240523
2017-01-10,11215879
2017-01-09,11190916
2017-01-08,11166355
2017-01-07,11143505
2017-01-06,11120224
2017-01-05,11093917
2017-01-04,11064485
2017-01-03,11037425
2017-01-02,11012695
2017-01-01,10992405
2016-12-31,10980042
2016-12-30,10961809
2016-12-29,10939859
2016-12-28,10916410
2016-12-27,10893168
2016-12-26,10871791
2016-12-25,10853500
2016-12-24,10837759
2016-12-23,10818540
2016-12-22,10795676
2016-12-21,10772741
2016-12-20,10751122
2016-12-19,10730121
2016-12-18,10709127
2016-12-17,10691889
2016-12-16,10673581
2016-12-15,10654351
2016-12-14,10632616
2016-12-13,10609307
2016-12-12,10584824
2016-12-11,10584824
2016-12-10,10538568
2016-12-09,10513322
2016-12-08,10485871
2016-12-07,10456219
2016-12-06,10425918
2016-12-05,10394132
2016-12-04,10364680
2016-12-03,10339653
2016-12-02,10314020
2016-12-01,10285343
2016-11-30,10256870
2016-11-29,10229895
2016-11-28,10202673
2016-11-27,10176271
2016-11-26,10154293
2016-11-25,10130285
2016-11-24,10103701
2016-11-23,10076772
2016-11-22,10049437
2016-11-21,10021491
2016-11-20,9994601
2016-11-19,9971346
2016-11-18,9946870
2016-11-17,9919854
2016-11-16,9891997
2016-11-15,9864913
2016-11-14,9838510
2016-11-13,9812599
2016-11-12,9790842
2016-11-11,9769214
2016-11-10,9746096
2016-11-09,9722320
2016-11-08,9697458
2016-11-07,9672050
2016-11-06,9649024
2016-11-05,9628505
2016-11-04,9606933
2016-11-03,9583811
2016-11-02,9559978
2016-11-01,9537568
2016-10-31,9515530
2016-10-30,9494407
2016-10-29,9475770
2016-10-28,9456182
2016-10-27,9435917
2016-10-26,9414977
2016-10-25,9394920
2016-10-24,9374635
2016-10-23,9355461
2016-10-22,9338686
2016-10-21,9320717
2016-10-20,9300889
2016-10-19,9282480
2016-10-18,9263916
2016-10-17,9245471
2016-10-16,9226751
2016-10-15,9210781
2016-10-14,9194097
2016-10-13,9176966
2016-10-12,9157725
2016-10-11,9145528
2016-10-10,9126826
2016-10-09,9108907
2016-10-08,9091440
2016-10-07,9073828
2016-10-06,9054910
2016-10-05,9035936
2016-10-04,9017643
2016-10-03,8999227
2016-10-02,8982024
2016-10-01,8966606
2016-09-30,8951582
2016-09-29,8935190
2016-09-28,8918780
2016-09-27,8902585
2016-09-26,8886648
2016-09-25,8871122
2016-09-24,8856888
2016-09-23,8842084
2016-09-22,8827132
2016-09-21,8811616
2016-09-20,8796190
2016-09-19,8780464
2016-09-18,8765726
2016-09-17,8751604
2016-09-16,8738021
2016-09-15,8724302
2016-09-14,8709911
2016-09-13,8695382
2016-09-12,8679314
2016-09-11,8664649
2016-09-10,8651037
2016-09-09,8638044
2016-09-08,8622584
2016-09-07,8608331
2016-09-06,8594507
2016-09-05,8581092
2016-09-04,8567518
2016-09-03,8555129
2016-09-02,8543378
2016-09-01,8531200
2016-08-31,8518439
2016-08-30,8504950
2016-08-29,8491403
2016-08-28,8478843
2016-08-27,8467464
2016-08-26,8455634
2016-08-25,8442686
2016-08-24,8428792
2016-08-23,8415070
2016-08-22,8401982
2016-08-21,8389115
2016-08-20,8376577
2016-08-19,8364568
2016-08-18,8351388
2016-08-17,8338537
2016-08-16,8325833
2016-08-15,8313574
2016-08-14,8301680
2016-08-13,8291140
2016-08-12,8279883
2016-08-11,8267543
2016-08-10,8254418
2016-08-09,8241749
2016-08-08,8229264
2016-08-07,8217306
2016-08-06,8206927
2016-08-05,8195575
2016-08-04,8183832
2016-08-03,8171299
2016-08-02,8156634
2016-08-01,8144534
2016-07-31,8133328
2016-07-30,8123646
2016-07-29,8113706
2016-07-28,8102635
2016-07-27,8091577
2016-07-26,8078936
2016-07-25,8066462
2016-07-24,8055026
2016-07-23,8045809
2016-07-22,8036289
2016-07-21,8026140
2016-07-20,8015050
2016-07-19,8003788
2016-07-18,7992529
2016-07-17,7982245
2016-07-16,7972942
2016-07-15,7963235
2016-07-14,7953019
2016-07-13,7942210
2016-07-12,7930745
2016-07-11,7917882
2016-07-10,7905647
2016-07-09,7893747
2016-07-08,7882776
2016-07-07,7870956
2016-07-06,7859275
2016-07-05,7846764
2016-07-04,7835149
2016-07-03,7824850
2016-07-02,7815620
2016-07-01,7805180
2016-06-30,7794814
2016-06-29,7784628
2016-06-28,7773839
2016-06-27,7762999
2016-06-26,7752577
2016-06-25,7742281
2016-06-24,7732453
2016-06-23,7715094
2016-06-22,7703745
2016-06-21,7692841
2016-06-20,7681746
2016-06-19,7670138
2016-06-18,7659937
2016-06-17,7649266
2016-06-16,7637271
2016-06-15,7625562
2016-06-14,7613302
2016-06-13,7601460
2016-06-12,7589736
2016-06-11,7579535
2016-06-10,7570086
2016-06-09,7559711
2016-06-08,7549230
2016-06-07,7536971
2016-06-06,7525984
2016-06-05,7514984
2016-06-04,7504310
2016-06-03,7486653
2016-06-02,7476162
2016-06-01,7464378
2016-05-31,7451927
2016-05-30,7434197
2016-05-29,7420737
2016-05-28,7403194
2016-05-27,7387064
2016-05-26,7376376
2016-05-25,7363557
2016-05-24,7346565
2016-05-23,7334930
2016-05-22,7317059
2016-05-21,7307727
2016-05-20,7298025
2016-05-19,7286044
2016-05-18,7271336
2016-05-17,7260044
2016-05-16,7248646
2016-05-15,7237633
2016-05-14,7227274
2016-05-13,7215311
2016-05-12,7201956
2016-05-11,7187239
2016-05-10,7171822
2016-05-09,7156897
2016-05-08,7143125
2016-05-07,7130242
2016-05-06,7116743
2016-05-05,7102517
2016-05-04,7087522
2016-05-03,7071613
2016-05-02,7055278
2016-05-01,7039303
2016-04-30,7025904
2016-04-29,7012014
2016-04-28,6997552
2016-04-27,6982399
2016-04-26,6968497
2016-04-25,6955905
2016-04-24,6942443
2016-04-23,6931980
2016-04-22,6921588
2016-04-21,6910345
2016-04-20,6898727
2016-04-19,6887695
2016-04-18,6876507
2016-04-17,6865867
2016-04-16,6855579
2016-04-15,6845236
2016-04-14,6834277
2016-04-13,6822736
2016-04-12,6810402
2016-04-11,6797060
2016-04-10,6784740
2016-04-09,6773053
2016-04-08,6762082
2016-04-07,6750120
2016-04-06,6737269
2016-04-05,6724479
2016-04-04,6711189
2016-04-03,6688655
2016-04-02,6672479
2016-04-01,6661126
2016-03-31,6648664
2016-03-30,6635323
2016-03-29,6612101
2016-03-28,6599711
2016-03-27,6586048
2016-03-26,6575816
2016-03-25,6565396
2016-03-24,6554362
2016-03-23,6543081
2016-03-22,6530896
2016-03-21,6518812
2016-03-20,6506740
2016-03-19,6494510
2016-03-18,6484014
2016-03-17,6472713
2016-03-16,6460381
2016-03-15,6444611
2016-03-14,6408681
2016-03-13,6384808
2016-03-12,6374543
2016-03-11,6364167
2016-03-10,6354076
2016-03-09,6343080
2016-03-08,6331643
2016-03-07,6319893
2016-03-06,6308115
2016-03-05,6296865
2016-03-04,6285946
2016-03-03,6274533
2016-03-02,6263101
2016-03-01,6243315
2016-02-29,6227655
2016-02-28,6215834
2016-02-27,6203933
2016-02-26,6189910
2016-02-25,6177728
2016-02-24,6165717
2016-02-23,6154038
2016-02-22,6142217
2016-02-21,6130000
2016-02-20,6118023
2016-02-19,6106627
2016-02-18,6094406
2016-02-17,6083614
2016-02-16,6071809
2016-02-15,6059096
2016-02-14,6048149
2016-02-13,6038500
2016-02-12,6028433
2016-02-11,6018211
2016-02-10,6004822
2016-02-09,5990418
2016-02-08,5974030
2016-02-07,5963049
2016-02-06,5953042
2016-02-05,5943298
2016-02-04,5932993
2016-02-03,5922158
2016-02-02,5911166
2016-02-01,5900031
2016-01-31,5889715
2016-01-30,5879958
2016-01-29,5869723
2016-01-28,5842613
2016-01-27,5832080
2016-01-26,5821858
2016-01-25,5811068
2016-01-24,5800319
2016-01-23,5790790
2016-01-22,5780498
2016-01-21,5769550
2016-01-20,5758594
2016-01-19,5748099
2016-01-18,5737505
2016-01-17,5727557
2016-01-16,5718538
2016-01-15,5708925
2016-01-14,5698571
2016-01-13,5687111
2016-01-12,5647934
2016-01-11,5626227
2016-01-10,5607033
2016-01-09,5555945
2016-01-08,5545336
2016-01-07,5528591
2016-01-06,5516648
2016-01-05,5494195
2016-01-04,5478743
2016-01-03,5464819
2016-01-02,5454997
2016-01-01,5445725
2015-12-31,5439181
2015-12-30,5428667
2015-12-29,5416587
2015-12-28,5404163
2015-12-27,5393406
2015-12-26,5380917
2015-12-25,5368911
2015-12-24,5356882
2015-12-23,5343955
2015-12-22,5330509
2015-12-21,5317902
2015-12-20,5300870
2015-12-19,5289744
2015-12-18,5276188
2015-12-17,5260152
2015-12-16,5247121
2015-12-15,5234373
2015-12-14,5221808
2015-12-13,5208921
2015-12-12,5194282
2015-12-11,5177930
2015-12-10,5163651
2015-12-09,5151568
2015-12-08,5132084
2015-12-07,5117468
2015-12-06,5098858
2015-12-05,5085312
2015-12-04,5073123
2015-12-03,5060672
2015-12-02,5047389
2015-12-01,5034030
2015-11-30,5022931
2015-11-29,5011010
2015-11-28,5001270
2015-11-27,4990347
2015-11-26,4978961
2015-11-25,4967936
2015-11-24,4956487
2015-11-23,4945865
2015-11-22,4933602
2015-11-21,4921707
2015-11-20,4910696
2015-11-19,4898222
2015-11-18,4884841
2015-11-17,4873149
2015-11-16,4862637
2015-11-15,4852513
2015-11-14,4843010
2015-11-13,4833613
2015-11-12,4824260
2015-11-11,4814378
2015-11-10,4804531
2015-11-09,4793746
2015-11-08,4782986
2015-11-07,4772823
2015-11-06,4762528
2015-11-05,4750692
2015-11-04,4738010
2015-11-03,4724172
2015-11-02,4711290
2015-11-01,4698167
2015-10-31,4688287
2015-10-30,4677539
2015-10-29,4665697
2015-10-28,4653806
2015-10-27,4642084
2015-10-26,4633433
2015-10-25,4627736
2015-10-24,4619591
2015-10-23,4611251
2015-10-22,4602627
2015-10-21,4593770
2015-10-20,4584778
2015-10-19,4575077
2015-10-18,4565229
2015-10-17,4556219
2015-10-16,4547466
2015-10-15,4538391
2015-10-14,4528285
2015-10-13,4516989
2015-10-12,4504330
2015-10-11,4493934
2015-10-10,4486171
2015-10-09,4478025
2015-10-08,4449533
2015-10-07,4439625
2015-10-06,4427982
2015-10-05,4415032
2015-10-04,4407020
2015-10-03,4399506
2015-10-02,4391799
2015-10-01,4382134
2015-09-30,4372219
2015-09-29,4362605
2015-09-28,4353659
2015-09-27,4345824
2015-09-26,4339229
2015-09-25,4332591
2015-09-24,4325864
2015-09-23,4318568
2015-09-22,4311247
2015-09-21,4303881
2015-09-20,4296473
2015-09-19,4288079
2015-09-18,4280754
2015-09-17,4273816
2015-09-16,4266730
2015-09-15,4259086
2015-09-14,4251709
2015-09-13,4244070
2015-09-12,4228337
2015-09-11,4222150
2015-09-10,4215298
2015-09-09,4208444
2015-09-08,4202009
2015-09-07,4195635
2015-09-06,4189121
2015-09-05,4182841
2015-09-04,4176098
2015-09-03,4173275
2015-09-02,4166582
2015-09-01,4159985
2015-08-31,4153093
2015-08-30,4146673
2015-08-29,4140784
2015-08-28,4134777
2015-08-27,4128152
2015-08-26,4121710
2015-08-25,4113830
2015-08-24,4101954
2015-08-23,4095100
2015-08-22,4088174
2015-08-21,4065426
2015-08-20,4036635
2015-08-19,4023883
2015-08-18,4017248
2015-08-17,4017248
2015-08-16,4010440
2015-08-15,4004155
2015-08-14,3996755
2015-08-13,3991048
2015-08-12,3984562
2015-08-11,3975331
2015-08-10,3968223
2015-08-09,3961954
2015-08-08,3956107
2015-08-07,3950759
2015-08-06,3945526
2015-08-05,3939766
2015-08-04,3933656
2015-08-03,3919540
2015-08-02,3919540
2015-08-01,3912526
2015-07-31,3903592
2015-07-30,3897914
2015-07-29,3891830
2015-07-28,3885141
2015-07-27,3878394
2015-07-26,3872002
2015-07-25,3865405
2015-07-24,3859171
2015-07-23,3853422
2015-07-22,3846817
2015-07-21,3839985
2015-07-20,3833426
2015-07-19,3826491
2015-07-18,3820052
2015-07-17,3809138
2015-07-16,3809138
2015-07-15,3803686
2015-07-14,3797826
2015-07-13,3790367
2015-07-12,3751805
2015-07-11,3745241
2015-07-10,3739207
2015-07-09,3732816
2015-07-08,3723311
2015-07-07,3716621
2015-07-06,3709806
2015-07-05,3703034
2015-07-04,3696670
2015-07-03,3691609
2015-07-02,3684712
2015-07-01,3678446
2015-06-30,3666010
2015-06-29,3666010
2015-06-28,3654521
2015-06-27,3648675
2015-06-26,3643621
2015-06-25,3637953
2015-06-24,3631878
2015-06-23,3625728
2015-06-22,3619636
2015-06-21,3613832
2015-06-20,3607698
2015-06-19,3601449
2015-06-18,3595963
2015-06-17,3589704
2015-06-16,3583017
2015-06-15,3576808
2015-06-14,3571055
2015-06-13,3560971
2015-06-12,3560971
2015-06-11,3555894
2015-06-10,3551064
2015-06-09,3545295
2015-06-08,3540083
2015-06-07,3534606
2015-06-06,3529529
2015-06-05,3526054
2015-06-04,3521147
2015-06-03,3516140
2015-06-02,3511027
2015-06-01,3505036
2015-05-31,3500077
2015-05-30,3495018
2015-05-29,3490449
2015-05-28,3485729
2015-05-27,3472705
2015-05-26,3472705
2015-05-25,3467023
2015-05-24,3461126
2015-05-23,3455075
2015-05-22,3449943
2015-05-21,3444694
2015-05-20,3439189
2015-05-19,3432989
2015-05-18,3426967
2015-05-17,3421590
2015-05-16,3416442
2015-05-15,3411578
2015-05-14,3406874
2015-05-13,3401823
2015-05-12,3396825
2015-05-11,3391659
2015-05-10,3380972
2015-05-09,3380972
2015-05-08,3376484
2015-05-07,3372534
2015-05-06,3367895
2015-05-05,3360999
2015-05-04,3356144
2015-05-03,3347618
2015-05-02,3342704
2015-05-01,3338506
2015-04-30,3334318
2015-04-29,3329868
2015-04-28,3325183
2015-04-27,3320401
2015-04-26,3315533
2015-04-25,3310653
2015-04-24,3305388
2015-04-23,3294361
2015-04-22,3294361
2015-04-21,3289120
2015-04-20,3284127
2015-04-19,3279011
2015-04-18,3274244
2015-04-17,3269978
2015-04-16,3265137
2015-04-15,3260309
2015-04-14,3255153
2015-04-13,3250058
2015-04-12,3244947
2015-04-11,3239625
2015-04-10,3234996
2015-04-09,3230462
2015-04-08,3224922
2015-04-07,3219437
2015-04-06,3208776
2015-04-05,3208776
2015-04-04,3203649
2015-04-03,3199026
2015-04-02,3193831
2015-04-01,3188600
2015-03-31,3183329
2015-03-30,3177707
2015-03-29,3171970
2015-03-28,3166526
2015-03-27,3161766
2015-03-26,3157241
2015-03-25,3151518
2015-03-24,3146872
2015-03-23,3142557
2015-03-22,3138102
2015-03-21,3133429
2015-03-20,3125378
2015-03-19,3125378
2015-03-18,3121374
2015-03-17,3117033
2015-03-16,3112613
2015-03-15,3107910
2015-03-14,3103168
2015-03-13,3098868
2015-03-12,3094389
2015-03-11,3089404
2015-03-10,3084290
2015-03-09,3079550
2015-03-08,3074557
2015-03-07,3069787
2015-03-06,3065109
2015-03-05,3060081
2015-03-04,3055406
2015-03-03,3044636
2015-03-02,3044636
2015-03-01,3039526
2015-02-28,3034588
2015-02-27,3029971
2015-02-26,3025567
2015-02-25,3020872
2015-02-24,3016006
2015-02-23,3010723
2015-02-22,3005138
2015-02-21,3000013
2015-02-20,2992923
2015-02-19,2985497
2015-02-18,2977411
2015-02-17,2970780
2015-02-16,2963555
2015-02-15,2956335
2015-02-14,2945869
2015-02-13,2945869
2015-02-12,2937837
2015-02-11,2929390
2015-02-10,2922162
2015-02-09,2917033
2015-02-08,2912046
2015-02-07,2907075
2015-02-06,2902737
2015-02-05,2898259
2015-02-04,2893599
2015-02-03,2888857
2015-02-02,2884217
2015-02-01,2879200
2015-01-31,2874618
2015-01-30,2869986
2015-01-29,2865410
2015-01-28,2854516
2015-01-27,2854516
2015-01-26,2849577
2015-01-25,2844400
2015-01-24,2838958
2015-01-23,2834247
2015-01-22,2829833
2015-01-21,2825099
2015-01-20,2820708
2015-01-19,2815937
2015-01-18,2811208
2015-01-17,2806605
2015-01-16,2802278
2015-01-15,2798054
2015-01-14,2793579
2015-01-13,2788850
2015-01-12,2783890
2015-01-11,2773180
2015-01-10,2773180
2015-01-09,2768262
2015-01-08,2763084
2015-01-07,2757765
2015-01-06,2752885
2015-01-05,2747920
2015-01-04,2743273
2015-01-03,2738654
2015-01-02,2734236
2015-01-01,2730066
2014-12-31,2726154
2014-12-30,2723272
2014-12-29,2719717
2014-12-28,2715465
2014-12-27,2710429
2014-12-26,2706304
2014-12-25,2698222
2014-12-24,2698222
2014-12-23,2694455
2014-12-22,2690142
2014-12-21,2685403
2014-12-20,2679956
2014-12-19,2675488
2014-12-18,2671548
2014-12-17,2667321
2014-12-16,2662926
2014-12-15,2657865
2014-12-14,2652862
2014-12-13,2647972
2014-12-12,2643050
2014-12-11,2638426
2014-12-10,2633643
2014-12-09,2628460
2014-12-08,2618587
2014-12-07,2618587
2014-12-06,2613340
2014-12-05,2608811
2014-12-04,2604407
2014-12-03,2599020
2014-12-02,2593733
2014-12-01,2588840
2014-11-30,2583362
2014-11-29,2578398
2014-11-28,2573701
2014-11-27,2569340
2014-11-26,2564992
2014-11-25,2560435
2014-11-24,2554674
2014-11-23,2549601
2014-11-22,2544836
2014-11-21,2534878
2014-11-20,2534878
2014-11-19,2529796
2014-11-18,2524914
2014-11-17,2519771
2014-11-16,2514428
2014-11-15,2509233
2014-11-14,2504332
2014-11-13,2499028
2014-11-12,2493727
2014-11-11,2488094
2014-11-10,2482915
2014-11-09,2477509
2014-11-08,2472448
2014-11-07,2467532
2014-11-06,2462589
2014-11-05,2457672
2014-11-04,2447677
2014-11-03,2447677
2014-11-02,2442649
2014-11-01,2437743
2014-10-31,2432909
2014-10-30,2428297
2014-10-29,2422956
2014-10-28,2417787
2014-10-27,2412721
2014-10-26,2407862
2014-10-25,2399236
2014-10-24,2394480
2014-10-23,2390219
2014-10-22,2385891
2014-10-21,2381387
2014-10-20,2376258
2014-10-19,2370886
2014-10-18,2361569
2014-10-17,2361569
2014-10-16,2357177
2014-10-15,2352582
2014-10-14,2347111
2014-10-13,2342157
2014-10-12,2336999
2014-10-11,2331810
2014-10-10,2326689
2014-10-09,2321603
2014-10-08,2316618
2014-10-07,2310933
2014-10-06,2305242
2014-10-05,2299839
2014-10-04,2294746
2014-10-03,2289712
2014-10-02,2285468
2014-10-01,2276636
2014-09-30,2276636
2014-09-29,2271978
2014-09-28,2267085
2014-09-27,2262294
2014-09-26,2257716
2014-09-25,2253475
2014-09-24,2248618
2014-09-23,2242964
2014-09-22,2237581
2014-09-21,2232406
2014-09-20,2227543
2014-09-19,2222984
2014-09-18,2218905
2014-09-17,2212540
2014-09-16,2207905
2014-09-15,2203182
2014-09-14,2193477
2014-09-13,2193477
2014-09-12,2188693
2014-09-11,2184552
2014-09-10,2180081
2014-09-09,2175346
2014-09-08,2169931
2014-09-07,2164136
2014-09-06,2158632
2014-09-05,2145615
2014-09-04,2140651
2014-09-03,2135769
2014-09-02,2130197
2014-09-01,2125124
2014-08-31,2118964
2014-08-30,2114088
2014-08-29,2107985
2014-08-28,2097947
2014-08-27,2097947
2014-08-26,2092230
2014-08-25,2086767
2014-08-24,2081034
2014-08-23,2075606
2014-08-22,2070778
2014-08-21,2066099
2014-08-20,2060507
2014-08-19,2055092
2014-08-18,2049465
2014-08-17,2043581
2014-08-16,2037795
2014-08-15,2032708
2014-08-14,2027773
2014-08-13,2022619
2014-08-12,2017054
2014-08-11,2005514
2014-08-10,2005514
2014-08-09,2000256
2014-08-08,1995407
2014-08-07,1990454
2014-08-06,1984961
2014-08-05,1978691
2014-08-04,1970816
2014-08-03,1961867
2014-08-02,1954683
2014-08-01,1949629
2014-07-31,1943654
2014-07-30,1937615
2014-07-29,1930905
2014-07-28,1922272
2014-07-27,1913748
2014-07-26,1909047
2014-07-25,1901107
2014-07-24,1901107
2014-07-23,1896770
2014-07-22,1892183
2014-07-21,1887510
2014-07-20,1882933
2014-07-19,1878182
2014-07-18,1873719
2014-07-17,1869646
2014-07-16,1865266
2014-07-15,1860837
2014-07-14,1856572
2014-07-13,1852238
2014-07-12,1847903
2014-07-11,1844181
2014-07-10,1840140
2014-07-09,1835713
2014-07-08,1826405
2014-07-07,1826405
2014-07-06,1821881
2014-07-05,1817503
2014-07-04,1813637
2014-07-03,1809955
2014-07-02,1805638
2014-07-01,1800748
2014-06-30,1795938
2014-06-29,1791263
2014-06-28,1786685
2014-06-27,1782880
2014-06-26,1779103
2014-06-25,1775116
2014-06-24,1770973
2014-06-23,1766949
2014-06-22,1762878
2014-06-21,1755717
2014-06-20,1755717
2014-06-19,1752029
2014-06-18,1748219
2014-06-17,1744305
2014-06-16,1740222
2014-06-15,1735471
2014-06-14,1731308
2014-06-13,1727532
2014-06-12,1724098
2014-06-11,1720129
2014-06-10,1715846
2014-06-09,1711347
2014-06-08,1707220
2014-06-07,1703187
2014-06-06,1699443
2014-06-05,1696012
2014-06-04,1688351
2014-06-03,1688351
2014-06-02,1684203
2014-06-01,1680069
2014-05-31,1675841
2014-05-30,1672398
2014-05-29,1668573
2014-05-28,1664442
2014-05-27,1660245
2014-05-26,1655830
2014-05-25,1651897
2014-05-24,1647891
2014-05-23,1644710
2014-05-22,1641667
2014-05-21,1638215
2014-05-20,1634540
2014-05-19,1630948
2014-05-18,1623695
2014-05-17,1623695
2014-05-16,1620557
2014-05-15,1617504
2014-05-14,1614349
2014-05-13,1610679
2014-05-12,1606735
2014-05-11,1603225
2014-05-10,1599792
2014-05-09,1596786
2014-05-08,1593737
2014-05-07,1590435
2014-05-06,1586766
2014-05-05,1582868
2014-05-04,1578831
2014-05-03,1575308
2014-05-02,1571997
2014-05-01,1565426
2014-04-30,1565426
2014-04-29,1562212
2014-04-28,1558676
2014-04-27,1554732
2014-04-26,1550878
2014-04-25,1546871
2014-04-24,1542893
2014-04-23,1538908
2014-04-22,1534956
2014-04-21,1530749
2014-04-20,1526798
2014-04-19,1523486
2014-04-18,1518969
2014-04-17,1515608
2014-04-16,1512017
2014-04-15,1508504
2014-04-14,1500777
2014-04-13,1500777
2014-04-12,1497044
2014-04-11,1493700
2014-04-10,1490494
2014-04-09,1485378
2014-04-08,1481350
2014-04-07,1477320
2014-04-06,1473588
2014-04-05,1469806
2014-04-04,1466318
2014-04-03,1462892
2014-04-02,1459364
2014-04-01,1455667
2014-03-31,1451982
2014-03-30,1448143
2014-03-29,1443948
2014-03-28,1436682
2014-03-27,1436682
2014-03-26,1432812
2014-03-25,1428415
2014-03-24,1423642
2014-03-23,1419150
2014-03-22,1415047
2014-03-21,1411232
2014-03-20,1407251
2014-03-19,1403048
2014-03-18,1398541
2014-03-17,1395653
2014-03-16,1395609
2014-03-15,1391529
2014-03-14,1387579
2014-03-13,1383969
2014-03-12,1379940
2014-03-11,1371223
2014-03-10,1371223
2014-03-09,1367298
2014-03-08,1362925
2014-03-07,1359174
2014-03-06,1355221
2014-03-05,1350166
2014-03-04,1345391
2014-03-03,1340251
2014-03-02,1334887
2014-03-01,1329950
2014-02-28,1325084
2014-02-27,1320250
2014-02-26,1315180
2014-02-25,1309676
2014-02-24,1303810
2014-02-23,1297395
2014-02-22,1287551
2014-02-21,1287551
2014-02-20,1283125
2014-02-19,1278074
2014-02-18,1272388
2014-02-17,1266787
2014-02-16,1260750
2014-02-15,1256708
2014-02-14,1251598
2014-02-13,1246606
2014-02-12,1241386
2014-02-11,1235899
2014-02-10,1230466
2014-02-09,1224187
2014-02-08,1217715
2014-02-07,1212010
2014-02-06,1206549
2014-02-05,1193990
2014-02-04,1193990
2014-02-03,1187610
2014-02-02,1181265
2014-02-01,1175250
2014-01-31,1169501
2014-01-30,1163953
2014-01-29,1158069
2014-01-28,1151305
2014-01-27,1143759
2014-01-26,1136756
2014-01-25,1130663
2014-01-24,1124732
2014-01-23,1118105
2014-01-22,1109187
2014-01-21,1102199
2014-01-20,1094815
2014-01-19,1081937
2014-01-18,1081937
2014-01-17,1076470
2014-01-16,1069475
2014-01-15,1063202
2014-01-14,1056556
2014-01-13,1050364
2014-01-12,1044258
2014-01-11,1038211
2014-01-10,1032586
2014-01-09,1027056
2014-01-08,1021081
2014-01-07,1014419
2014-01-06,1007391
2014-01-05,1000366
2014-01-04,993338
2014-01-03,987716
2014-01-02,976051
2014-01-01,976051
2013-12-31,970765
2013-12-30,966885
2013-12-29,962069
2013-12-28,956185
2013-12-27,950868
2013-12-26,945649
2013-12-25,939985
2013-12-24,934240
2013-12-23,928384
2013-12-22,922183
2013-12-21,915642
2013-12-20,908911
2013-12-19,902669
2013-12-18,896214
2013-12-17,888153
2013-12-16,869865
2013-12-15,869865
2013-12-14,861377
2013-12-13,853955
2013-12-12,846553
2013-12-11,838027
2013-12-10,829805
2013-12-09,821523
2013-12-08,810041
2013-12-07,801843
2013-12-06,794745
2013-12-05,786923
2013-12-04,777608
2013-12-03,767382
2013-12-02,755687
2013-12-01,741665
2013-11-30,718599
2013-11-29,694872
2013-11-28,694872
2013-11-27,678886
2013-11-26,663348
2013-11-25,653577
2013-11-24,645789
2013-11-23,638570
2013-11-22,631898
2013-11-21,623968
2013-11-20,616059
2013-11-19,607402
2013-11-18,596702
2013-11-17,583044
2013-11-16,575357
2013-11-15,570436
2013-11-14,566436
2013-11-13,561947
2013-11-12,553565
2013-11-11,553565
2013-11-10,550257
2013-11-09,546940
2013-11-08,543736
2013-11-07,539738
2013-11-06,535666
2013-11-05,531463
2013-11-04,527652
2013-11-03,524402
2013-11-02,521533
2013-11-01,519112
2013-10-31,516337
2013-10-30,513288
2013-10-29,509117
2013-10-28,504006
2013-10-27,496918
2013-10-26,493193
2013-10-25,493193
2013-10-24,491714
2013-10-23,490080
2013-10-22,488053
2013-10-21,485945
2013-10-20,483986
2013-10-19,482262
2013-10-18,480756
2013-10-17,479219
2013-10-16,477646
2013-10-15,476047
2013-10-14,474334
2013-10-13,472830
2013-10-12,471401
2013-10-11,470138
2013-10-10,468965
2013-10-09,465905
2013-10-08,465905
2013-10-07,464162
2013-10-06,462433
2013-10-05,460788
2013-10-04,459494
2013-10-03,458047
2013-10-02,456551
2013-10-01,454922
2013-09-30,453632
2013-09-29,452302
2013-09-28,450981
2013-09-27,449762
2013-09-26,448624
2013-09-25,447429
2013-09-24,446106
2013-09-23,444706
2013-09-22,441632
2013-09-21,441632
2013-09-20,440206
2013-09-19,438608
2013-09-18,437254
2013-09-17,436205
2013-09-16,434971
2013-09-15,433766
2013-09-14,432581
2013-09-13,431522
2013-09-12,430380
2013-09-11,429173
2013-09-10,427888
2013-09-09,426674
2013-09-08,425379
2013-09-07,424219
2013-09-06,423130
2013-09-05,420883
2013-09-04,420883
2013-09-03,419671
2013-09-02,418399
2013-09-01,417062
2013-08-31,415799
2013-08-30,414788
2013-08-29,413824
2013-08-28,412433
2013-08-27,411079
2013-08-26,409400
2013-08-25,407743
2013-08-24,406360
2013-08-23,405133
2013-08-22,403858
2013-08-21,402296
2013-08-20,400578
2013-08-19,396925
2013-08-18,396925
2013-08-17,395141
2013-08-16,393672
2013-08-15,391829
2013-08-14,389809
2013-08-13,388072
2013-08-12,386577
2013-08-11,385119
2013-08-10,383949
2013-08-09,382833
2013-08-08,381557
2013-08-07,380319
2013-08-06,379063
2013-08-05,377726
2013-08-04,376431
2013-08-03,375222
2013-08-02,373038
2013-08-01,373038
2013-07-31,371815
2013-07-30,370519
2013-07-29,369006
2013-07-28,367646
2013-07-27,366423
2013-07-26,365395
2013-07-25,364284
2013-07-24,363091
2013-07-23,361838
2013-07-22,360592
2013-07-21,359347
2013-07-20,358155
2013-07-19,357213
2013-07-18,356243
2013-07-17,355156
2013-07-16,352753
2013-07-15,352753
2013-07-14,351533
2013-07-13,350362
2013-07-12,349434
2013-07-11,348460
2013-07-10,347329
2013-07-09,346149
2013-07-08,344952
2013-07-07,343646
2013-07-06,342417
2013-07-05,341371
2013-07-04,340206
2013-07-03,338907
2013-07-02,337567
2013-07-01,335965
2013-06-30,334016
2013-06-29,330442
2013-06-28,330442
2013-06-27,329239
2013-06-26,327848
2013-06-25,326553
2013-06-24,325294
2013-06-23,323859
2013-06-22,322614
2013-06-21,321597
2013-06-20,320559
2013-06-19,319312
2013-06-18,318057
2013-06-17,316640
2013-06-16,315322
2013-06-15,314217
2013-06-14,313209
2013-06-13,312151
2013-06-12,309714
2013-06-11,309714
2013-06-10,308385
2013-06-09,306999
2013-06-08,305653
2013-06-07,304451
2013-06-06,303259
2013-06-05,301864
2013-06-04,300570
2013-06-03,299174
2013-06-02,297719
2013-06-01,296314
2013-05-31,294983
2013-05-30,293740
2013-05-29,292370
2013-05-28,290897
2013-05-27,289335
2013-05-26,286595
2013-05-25,286595
2013-05-24,285423
2013-05-23,284200
2013-05-22,283029
2013-05-21,281617
2013-05-20,280219
2013-05-19,278632
2013-05-18,277091
2013-05-17,275525
2013-05-16,274062
2013-05-15,272722
2013-05-14,271342
2013-05-13,269829
2013-05-12,268371
2013-05-11,266765
2013-05-10,265186
2013-05-09,262339
2013-05-08,262339
2013-05-07,260728
2013-05-06,258958
2013-05-05,257232
2013-05-04,255348
2013-05-03,253614
2013-05-02,251776
2013-05-01,249957
2013-04-30,248307
2013-04-29,246826
2013-04-28,245294
2013-04-27,243762
2013-04-26,242215
2013-04-25,240714
2013-04-24,239046
2013-04-23,237368
2013-04-22,233959
2013-04-21,233959
2013-04-20,232115
2013-04-19,230333
2013-04-18,228489
2013-04-17,226475
2013-04-16,225727
2013-04-15,223363
2013-04-14,220869
2013-04-13,218263
2013-04-12,215661
2013-04-11,212774
2013-04-10,208598
2013-04-09,203419
2013-04-08,197846
2013-04-07,193799
2013-04-06,189100
2013-04-05,183747
2013-04-04,183747
2013-04-03,180768
2013-04-02,176862
2013-04-01,172965
2013-03-31,169896
2013-03-30,167617
2013-03-29,165764
2013-03-28,163619
2013-03-27,161197
2013-03-26,158841
2013-03-25,156702
2013-03-24,155040
2013-03-23,153442
2013-03-22,151985
2013-03-21,150484
2013-03-20,148934
2013-03-19,145918
2013-03-18,145918
2013-03-17,144807
2013-03-16,143822
2013-03-15,142930
2013-03-14,142158
2013-03-13,141235
2013-03-12,140235
2013-03-11,139373
2013-03-10,138195
2013-03-09,137064
2013-03-08,135956
2013-03-07,134908
2013-03-06,134344
2013-03-05,133101
2013-03-04,131891
2013-03-03,130804
2013-03-02,129129
2013-03-01,129129
2013-02-28,128295
2013-02-27,127323
2013-02-26,126468
2013-02-25,125534
2013-02-24,124685
2013-02-23,123763
2013-02-22,122845
2013-02-21,122017
2013-02-20,121141
2013-02-19,120283
2013-02-18,119379
2013-02-17,118419
2013-02-16,117423
2013-02-15,116575
2013-02-14,115694
2013-02-13,114095
2013-02-12,114095
2013-02-11,113372
2013-02-10,112616
2013-02-09,111857
2013-02-08,111151
2013-02-07,110457
2013-02-06,109733
2013-02-05,108911
2013-02-04,108332
2013-02-03,107601
2013-02-02,106934
2013-02-01,106166
2013-01-31,105386
2013-01-30,104616
2013-01-29,103901
2013-01-28,103131
2013-01-27,101624
2013-01-26,101624
2013-01-25,100846
2013-01-24,100137
2013-01-23,99409
2013-01-22,98690
2013-01-21,97978
2013-01-20,97204
2013-01-19,96434
2013-01-18,95662
2013-01-17,94797
2013-01-16,93966
2013-01-15,93134
2013-01-14,92287
2013-01-13,91358
2013-01-12,90370
2013-01-11,89315
2013-01-10,86754
2013-01-09,86754
2013-01-08,85046
2013-01-07,83175
2013-01-06,82264
2013-01-05,81304
2013-01-04,80581
2013-01-03,80035
2013-01-02,79328
2013-01-01,78671
2012-12-31,77841
2012-12-30,77232
2012-12-29,76563
2012-12-28,75685
2012-12-27,74807
2012-12-26,73919
2012-12-25,73096
2012-12-24,71688
2012-12-23,71688
2012-12-22,70669
2012-12-21,69660
2012-12-20,68657
2012-12-19,67838
2012-12-18,66978
2012-12-17,65840
2012-12-16,64693
2012-12-15,63254
2012-12-14,62038
2012-12-13,60270
2012-12-12,58142
2012-12-11,55906
2012-12-10,53179
2012-12-09,50056
2012-12-08,49364
2012-12-07,48720
2012-12-06,48720
2012-12-05,48336
2012-12-04,47988
2012-12-03,47612
2012-12-02,47184
2012-12-01,46813
2012-11-30,46429
2012-11-29,46109
2012-11-28,45698
2012-11-27,45223
2012-11-26,44808
2012-11-25,44421
2012-11-24,44089
2012-11-23,43761
2012-11-22,43500
2012-11-21,43199
2012-11-20,42435
2012-11-19,42435
2012-11-18,42017
2012-11-17,41639
2012-11-16,41301
2012-11-15,40958
2012-11-14,40615
2012-11-13,40324
2012-11-12,40018
2012-11-11,39759
2012-11-10,39516
2012-11-09,39270
2012-11-08,39033
2012-11-07,38724
2012-11-06,38461
2012-11-05,38182
2012-11-04,37913
2012-11-03,37402
2012-11-02,37402
2012-11-01,37221
2012-10-31,36986
2012-10-30,36707
2012-10-29,36435
2012-10-28,36152
2012-10-27,35907
2012-10-26,35650
2012-10-25,35384
2012-10-24,35121
2012-10-23,34857
2012-10-22,34567
2012-10-21,34211
2012-10-20,33923
2012-10-19,33651
2012-10-18,33375
2012-10-17,32750
2012-10-16,32750
2012-10-15,32425
2012-10-14,32152
2012-10-13,31837
2012-10-12,31537
2012-10-11,31268
2012-10-10,30926
2012-10-09,30585
2012-10-08,30263
2012-10-07,29928
2012-10-06,29609
2012-10-05,29356
2012-10-04,29106
2012-10-03,28812
2012-10-02,28480
2012-10-01,28121
2012-09-30,27400
2012-09-29,27400
2012-09-28,27123
2012-09-27,26842
2012-09-26,26538
2012-09-25,26265
2012-09-24,25986
2012-09-23,25702
2012-09-22,25464
2012-09-21,25257
2012-09-20,25063
2012-09-19,24866
2012-09-18,24596
2012-09-17,24310
2012-09-16,24071
2012-09-15,23842
2012-09-14,23630
2012-09-13,23227
2012-09-12,23227
2012-09-11,23015
2012-09-10,22766
2012-09-09,22570
2012-09-08,22353
2012-09-07,22176
2012-09-06,21987
2012-09-05,21778
2012-09-04,21526
2012-09-03,21335
2012-09-02,21134
2012-09-01,20938
2012-08-31,20792
2012-08-30,20614
2012-08-29,20430
2012-08-28,20245
2012-08-27,19855
2012-08-26,19855
2012-08-25,19669
2012-08-24,19477
2012-08-23,19301
2012-08-22,19093
2012-08-21,18863
2012-08-20,18642
2012-08-19,18405
2012-08-18,18211
2012-08-17,18058
2012-08-16,17883
2012-08-15,17674
2012-08-14,17440
2012-08-13,17217
2012-08-12,17036
2012-08-11,16878
2012-08-10,16625
2012-08-09,16625
2012-08-08,16475
2012-08-07,16320
2012-08-06,16174
2012-08-05,16003
2012-08-04,15852
2012-08-03,15728
2012-08-02,15603
2012-08-01,15459
2012-07-31,15340
2012-07-30,15197
2012-07-29,15050
2012-07-28,14927
2012-07-27,14828
2012-07-26,14724
2012-07-25,14609
2012-07-24,14337
2012-07-23,14337
2012-07-22,14183
2012-07-21,14063
2012-07-20,13949
2012-07-19,13780
2012-07-18,13586
2012-07-17,13403
2012-07-16,13203
2012-07-15,13024
2012-07-14,12878
2012-07-13,12748
2012-07-12,12591
2012-07-11,12415
2012-07-10,12257
2012-07-09,12108
2012-07-08,11955
2012-07-07,11698
2012-07-06,11698
2012-07-05,11572
2012-07-04,11454
2012-07-03,11347
2012-07-02,11216
2012-07-01,11098
2012-06-30,11015
2012-06-29,10910
2012-06-28,10826
2012-06-27,10725
2012-06-26,10600
2012-06-25,10473
2012-06-24,10358
2012-06-23,10250
2012-06-22,10172
2012-06-21,10072
2012-06-20,9868
2012-06-19,9868
2012-06-18,9748
2012-06-17,9665
2012-06-16,9541
2012-06-15,9464
2012-06-14,9370
2012-06-13,9257
2012-06-12,9160
2012-06-11,9046
2012-06-10,8946
2012-06-09,8862
2012-06-08,8773
2012-06-07,8666
2012-06-06,8574
2012-06-05,8497
2012-06-04,8431
2012-06-03,8266
2012-06-02,8266
2012-06-01,8178
2012-05-31,8121
2012-05-30,8039
2012-05-29,7969
2012-05-28,7857
2012-05-27,7774
2012-05-26,7697
2012-05-25,7644
2012-05-24,7571
2012-05-23,7489
2012-05-22,7409
2012-05-21,7370
2012-05-20,7296
2012-05-19,7202
2012-05-18,7122
2012-05-17,6984
2012-05-16,6984
2012-05-15,6912
2012-05-14,6827
2012-05-13,6754
2012-05-12,6683
2012-05-11,6612
2012-05-10,6552
2012-05-09,6476
2012-05-08,6392
2012-05-07,6309
2012-05-06,6220
2012-05-05,6127
2012-05-04,6053
2012-05-03,5993
2012-05-02,5897
2012-05-01,5816
2012-04-30,5798
2012-04-29,5798
2012-04-28,5767
2012-04-27,5679
2012-04-26,5566
2012-04-25,5364
2012-04-24,5211
2012-04-23,5139
2012-04-22,5046
2012-04-21,4966
2012-04-20,4857
2012-04-19,4795
2012-04-18,4741
2012-04-17,4690
2012-04-16,4611
2012-04-15,4559
2012-04-14,4511
2012-04-13,4408
2012-04-12,4408
2012-04-11,4348
2012-04-10,4294
2012-04-09,4234
2012-04-08,4168
2012-04-07,4113
2012-04-06,4039
2012-04-05,3967
2012-04-04,3872
2012-04-03,3815
2012-04-02,3772
2012-04-01,3708
2012-03-31,3636
2012-03-30,3590
2012-03-29,3558
2012-03-28,3493
2012-03-27,3329
2012-03-26,3329
2012-03-25,3257
2012-03-24,3219
2012-03-23,3186
2012-03-22,3148
2012-03-21,3117
2012-03-20,3076
2012-03-19,3041
2012-03-18,2997
2012-03-17,2968
2012-03-16,2935
2012-03-15,2893
2012-03-14,2861
2012-03-13,2825
2012-03-12,2794
2012-03-11,2758
2012-03-10,2692
2012-03-09,2692
2012-03-08,2665
2012-03-07,2614
2012-03-06,2567
2012-03-05,2537
2012-03-04,2480
2012-03-03,2435
2012-03-02,2409
2012-03-01,2356
2012-02-29,2314
2012-02-28,2282
2012-02-27,2253
2012-02-26,2213
2012-02-25,2170
2012-02-24,2159
2012-02-23,2159
2012-02-22,2108
2012-02-21,2108
2012-02-20,2078
2012-02-19,2043
2012-02-18,2003
2012-02-17,1967
2012-02-16,1943
2012-02-15,1894
2012-02-14,1861
2012-02-13,1845
2012-02-12,1815
2012-02-11,1772
2012-02-10,1745
2012-02-09,1713
2012-02-08,1666
2012-02-07,1626
2012-02-06,1587
2012-02-05,1514
2012-02-04,1514
2012-02-03,1463
2012-02-02,1425
2012-02-01,1392
2012-01-31,1364
2012-01-30,1329
2012-01-29,1294
2012-01-28,1268
2012-01-27,1242
2012-01-26,1217
2012-01-25,1184
2012-01-24,1169
2012-01-23,1163
2012-01-22,1111
2012-01-21,1071
2012-01-20,1029
2012-01-19,962
2012-01-18,962
2012-01-17,926
2012-01-16,884
2012-01-15,836
2012-01-14,785
2012-01-13,758
2012-01-12,740
2012-01-11,710
2012-01-10,672
2012-01-09,635
2012-01-08,603
2012-01-07,556
2012-01-06,517
2012-01-05,497
2012-01-04,483
2012-01-03,451
2012-01-02,420
2012-01-01,420
2011-12-31,412
2011-12-30,406
2011-12-29,406
2011-12-28,400
2011-12-27,382
2011-12-26,369
2011-12-25,352
2011-12-24,337
2011-12-23,329
2011-12-22,318
2011-12-21,291
2011-12-20,265
2011-12-19,242
2011-12-18,229
2011-12-17,222
2011-12-16,205
2011-12-15,205
2011-12-14,185
2011-12-13,153
2011-12-12,127
2011-12-11,118
2011-12-10,112
2011-12-09,95
2011-12-08,80
2011-12-07,60
2011-12-06,58
2011-12-05,38
2011-12-04,28
2011-12-03,28
2011-12-02,23
2011-12-01,22
2011-11-30,13
2011-11-29,8
2011-11-28,2
2011-11-27,2
2011-11-26,2
2011-11-25,2
2011-11-24,2
2011-11-23,2
2011-11-22,2
2011-11-21,2
2011-11-20,2
2011-11-19,2
2011-11-18,2
2011-11-17,2
2011-11-16,2
2011-11-15,2
2011-11-14,2
2011-11-13,2
2011-11-12,2
2011-11-11,2
2011-11-10,2
2011-11-09,2
2011-11-08,2
2011-11-07,2
2011-11-06,2
2011-11-05,2
2011-11-04,2
2011-11-03,2
2011-11-02,2
2011-11-01,2
2011-10-31,2
2011-10-30,2
2011-10-29,2
2011-10-28,2
2011-10-27,2
2011-10-26,2
2011-10-25,2
2011-10-24,2
2011-10-23,2
2011-10-22,2
2011-10-21,2
2011-10-20,2
2011-10-19,2
2011-10-18,2
2011-10-17,2
2011-10-16,2
2011-10-15,2
2011-10-14,2
2011-10-13,2
2011-10-12,2
2011-10-11,2
2011-10-10,2
2011-10-09,2
2011-10-08,2
2011-10-07,2
2011-10-06,2
2011-10-05,2
2011-10-04,2
2011-10-03,2
2011-10-02,2
2011-10-01,2
2011-09-30,2
2011-09-29,2
2011-09-28,2
2011-09-27,2
2011-09-26,2
2011-09-25,2
2011-09-24,2
2011-09-23,2
2011-09-22,2
2011-09-21,2
2011-09-20,2
2011-09-19,2
2011-09-18,2
2011-09-17,2
2011-09-16,2
2011-09-15,2
2011-09-14,2
2011-09-13,2
2011-09-12,2
2011-09-11,2
2011-09-10,2
2011-09-09,2
2011-09-08,2
2011-09-07,2
2011-09-06,2
2011-09-05,2
2011-09-04,2
2011-09-03,2
2011-09-02,2
2011-09-01,2
2011-08-31,2
2011-08-30,2
2011-08-29,2
2011-08-28,2
2011-08-27,2
2011-08-26,2
2011-08-25,2
2011-08-24,2
2011-08-23,2
2011-08-22,2
2011-08-21,2
2011-08-20,2
2011-08-19,2
2011-08-18,2
2011-08-17,2
2011-08-16,2
2011-08-15,2
2011-08-14,2
2011-08-13,2
2011-08-12,2
2011-08-11,2
2011-08-10,2
2011-08-09,2
2011-08-08,2
2011-08-07,2
2011-08-06,2
2011-08-05,2
2011-08-04,2
2011-08-03,2
2011-08-02,2
2011-08-01,2
2011-07-31,2
2011-07-30,2
2011-07-29,2
2011-07-28,2
2011-07-27,2
2011-07-26,2
2011-07-25,2
2011-07-24,2
2011-07-23,2
2011-07-22,2
2011-07-21,2
2011-07-20,2
2011-07-19,2
2011-07-18,2
2011-07-17,2
2011-07-16,2
2011-07-15,2
2011-07-14,2
2011-07-13,2
2011-07-12,2
2011-07-11,2
2011-07-10,2
2011-07-09,2
2011-07-08,2
2011-07-07,2
2011-07-06,2
2011-07-05,2
2011-07-04,2
2011-07-03,2
2011-07-02,2
2011-07-01,2
2011-06-30,2
2011-06-29,2
2011-06-28,2
2011-06-27,2
2011-06-26,2
2011-06-25,2
2011-06-24,2
2011-06-23,2
2011-06-22,2
2011-06-21,2
2011-06-20,2
2011-06-19,2
2011-06-18,2
2011-06-17,2
2011-06-16,2
2011-06-15,2
2011-06-14,2
2011-06-13,2
2011-06-12,2
2011-06-11,2
2011-06-10,2
2011-06-09,2
2011-06-08,2
2011-06-07,2
2011-06-06,2
2011-06-05,2
2011-06-04,2
2011-06-03,2
2011-06-02,2
2011-06-01,2
2011-05-31,2
2011-05-30,2
2011-05-29,2
2011-05-28,2
2011-05-27,2
2011-05-26,2
2011-05-25,2
2011-05-24,2
2011-05-23,2
2011-05-22,2
2011-05-21,2
2011-05-20,2
2011-05-19,2
2011-05-18,2
2011-05-17,2
2011-05-16,2
2011-05-15,2
2011-05-14,2
2011-05-13,2
2011-05-12,2
2011-05-11,2
2011-05-10,2
2011-05-09,2
2011-05-08,2
2011-05-07,2
2011-05-06,2
2011-05-05,2
2011-05-04,2
2011-05-03,2
2011-05-02,2
2011-05-01,2
2011-04-30,2
2011-04-29,2
2011-04-28,2
2011-04-27,2
2011-04-26,2
2011-04-25,2
2011-04-24,2
2011-04-23,2
2011-04-22,2
2011-04-21,2
2011-04-20,2
2011-04-19,2
2011-04-18,2
2011-04-17,2
2011-04-16,2
2011-04-15,2
2011-04-14,2
2011-04-13,2
2011-04-12,2
2011-04-11,2
2011-04-10,2
2011-04-09,2
2011-04-08,2
2011-04-07,2
2011-04-06,2
2011-04-05,2
2011-04-04,2
2011-04-03,2
2011-04-02,2
2011-04-01,2
2011-03-31,2
2011-03-30,2
2011-03-29,2
2011-03-28,2
2011-03-27,2
2011-03-26,2
2011-03-25,2
2011-03-24,2
2011-03-23,2
2011-03-22,2
2011-03-21,2
2011-03-20,2
2011-03-19,2
2011-03-18,2
2011-03-17,2
2011-03-16,2
2011-03-15,2
2011-03-14,2
2011-03-13,2
2011-03-12,2
2011-03-11,2
2011-03-10,2
2011-03-09,2
2011-03-08,2
2011-03-07,2
2011-03-06,2
2011-03-05,2
2011-03-04,2
2011-03-03,2
2011-03-02,2
2011-03-01,2
2011-02-28,2
2011-02-27,2
2011-02-26,2
2011-02-25,2
2011-02-24,2
2011-02-23,2
2011-02-22,2
2011-02-21,2
2011-02-20,2
2011-02-19,2
2011-02-18,2
2011-02-17,2
2011-02-16,2
2011-02-15,2
2011-02-14,2
2011-02-13,2
2011-02-12,2
2011-02-11,2
2011-02-10,2
2011-02-09,2
2011-02-08,2
2011-02-07,2
2011-02-06,2
2011-02-05,2
2011-02-04,2
2011-02-03,2
2011-02-02,2
2011-02-01,2
2011-01-31,2
2011-01-30,2
2011-01-29,2
2011-01-28,2
2011-01-27,2
2011-01-26,2
2011-01-25,2
2011-01-24,2
2011-01-23,2
2011-01-22,2
2011-01-21,2
2011-01-20,2
2011-01-19,2
2011-01-18,2
2011-01-17,2
2011-01-16,2
2011-01-15,2
2011-01-14,2
2011-01-13,2
2011-01-12,2
2011-01-11,2
2011-01-10,2
2011-01-09,2
2011-01-08,2
2011-01-07,2
2011-01-06,2
2011-01-05,2
2011-01-04,2
2011-01-03,2
2011-01-02,2
2011-01-01,2
2010-12-31,2
2010-12-30,2
2010-12-29,2
2010-12-28,2
2010-12-27,2
2010-12-26,2
2010-12-25,2
2010-12-24,2
2010-12-23,2
2010-12-22,2
2010-12-21,2
2010-12-20,2
2010-12-19,2
2010-12-18,2
2010-12-17,2
2010-12-16,2
2010-12-15,2
2010-12-14,2
2010-12-13,2
2010-12-12,2
2010-12-11,2
2010-12-10,2
2010-12-09,2
2010-12-08,2
2010-12-07,2
2010-12-06,2
2010-12-05,2
2010-12-04,2
2010-12-03,2
2010-12-02,2
2010-12-01,2
2010-11-30,2
2010-11-29,2
2010-11-28,2
2010-11-27,2
2010-11-26,2
2010-11-25,2
2010-11-24,2
2010-11-23,2
2010-11-22,2
2010-11-21,2
2010-11-20,2
2010-11-19,2
2010-11-18,2
2010-11-17,2
2010-11-16,2
2010-11-15,2
2010-11-14,2
2010-11-13,2
2010-11-12,2
2010-11-11,2
2010-11-10,2
2010-11-09,2
2010-11-08,2
2010-11-07,2
2010-11-06,2
2010-11-05,2
2010-11-04,2
2010-11-03,2
2010-11-02,2
2010-11-01,2
2010-10-31,2
2010-10-30,2
2010-10-29,2
2010-10-28,2
2010-10-27,2
2010-10-26,2
2010-10-25,2
2010-10-24,2
2010-10-23,2
2010-10-22,2
2010-10-21,2
2010-10-20,2
2010-10-19,2
2010-10-18,2
2010-10-17,2
2010-10-16,2
2010-10-15,2
2010-10-14,2
2010-10-13,2
2010-10-12,2
2010-10-11,2
2010-10-10,2
2010-10-09,2
2010-10-08,2
2010-10-07,2
2010-10-06,2
2010-10-05,2
2010-10-04,2
2010-10-03,2
2010-10-02,2
2010-10-01,2
2010-09-30,2
2010-09-29,2
2010-09-28,2
2010-09-27,2
2010-09-26,2
2010-09-25,2
2010-09-24,2
2010-09-23,2
2010-09-22,2
2010-09-21,2
2010-09-20,2
2010-09-19,2
2010-09-18,2
2010-09-17,2
2010-09-16,2
2010-09-15,2
2010-09-14,2
2010-09-13,2
2010-09-12,2
2010-09-11,2
2010-09-10,2
2010-09-09,2
2010-09-08,2
2010-09-07,2
2010-09-06,2
2010-09-05,2
2010-09-04,2
2010-09-03,2
2010-09-02,2
2010-09-01,2
2010-08-31,2
2010-08-30,2
2010-08-29,2
2010-08-28,2
2010-08-27,2
2010-08-26,2
2010-08-25,2
2010-08-24,2
2010-08-23,2
2010-08-22,2
2010-08-21,2
2010-08-20,2
2010-08-19,2
2010-08-18,2
2010-08-17,2
2010-08-16,2
2010-08-15,2
2010-08-14,2
2010-08-13,2
2010-08-12,2
2010-08-11,2
2010-08-10,2
2010-08-09,2
2010-08-08,2
2010-08-07,2
2010-08-06,2
2010-08-05,2
2010-08-04,2
2010-08-03,2
2010-08-02,2
2010-08-01,2
2010-07-31,2
2010-07-30,2
2010-07-29,2
2010-07-28,2
2010-07-27,2
2010-07-26,2
2010-07-25,2
2010-07-24,2
2010-07-23,2
2010-07-22,2
2010-07-21,2
2010-07-20,2
2010-07-19,2
2010-07-18,2
2010-07-17,2
2010-07-16,2
2010-07-15,2
2010-07-14,2
2010-07-13,2
2010-07-12,2
2010-07-11,2
2010-07-10,2
2010-07-09,2
2010-07-08,2
2010-07-07,2
2010-07-06,2
2010-07-05,2
2010-07-04,2
2010-07-03,2
2010-07-02,2
2010-07-01,2
2010-06-30,2
2010-06-29,2
2010-06-28,2
2010-06-27,2
2010-06-26,2
2010-06-25,2
2010-06-24,2
2010-06-23,2
2010-06-22,2
2010-06-21,2
2010-06-20,2
2010-06-19,2
2010-06-18,2
2010-06-17,2
2010-06-16,2
2010-06-15,2
2010-06-14,2
2010-06-13,2
2010-06-12,2
2010-06-11,2
2010-06-10,2
2010-06-09,2
2010-06-08,2
2010-06-07,2
2010-06-06,2
2010-06-05,2
2010-06-04,2
2010-06-03,2
2010-06-02,2
2010-06-01,2
2010-05-31,2
2010-05-30,2
2010-05-29,2
2010-05-28,2
2010-05-27,2
2010-05-26,2
2010-05-25,2
2010-05-24,2
2010-05-23,2
2010-05-22,2
2010-05-21,2
2010-05-20,2
2010-05-19,2
2010-05-18,2
2010-05-17,2
2010-05-16,2
2010-05-15,2
2010-05-14,2
2010-05-13,2
2010-05-12,2
2010-05-11,2
2010-05-10,2
2010-05-09,2
2010-05-08,2
2010-05-07,2
2010-05-06,2
2010-05-05,2
2010-05-04,2
2010-05-03,2
2010-05-02,2
2010-05-01,2
2010-04-30,2
2010-04-29,2
2010-04-28,2
2010-04-27,2
2010-04-26,2
2010-04-25,2
2010-04-24,2
2010-04-23,2
2010-04-22,2
2010-04-21,2
2010-04-20,2
2010-04-19,2
2010-04-18,2
2010-04-17,2
2010-04-16,2
2010-04-15,2
2010-04-14,2
2010-04-13,2
2010-04-12,2
2010-04-11,2
2010-04-10,2
2010-04-09,2
2010-04-08,2
2010-04-07,2
2010-04-06,2
2010-04-05,2
2010-04-04,2
2010-04-03,2
2010-04-02,2
2010-04-01,2
2010-03-31,2
2010-03-30,2
2010-03-29,2
2010-03-28,2
2010-03-27,2
2010-03-26,2
2010-03-25,2
2010-03-24,2
2010-03-23,2
2010-03-22,2
2010-03-21,2
2010-03-20,2
2010-03-19,2
2010-03-18,2
2010-03-17,2
2010-03-16,2
2010-03-15,2
2010-03-14,2
2010-03-13,2
2010-03-12,2
2010-03-11,2
2010-03-10,2
2010-03-09,2
2010-03-08,2
2010-03-07,2
2010-03-06,2
2010-03-05,2
2010-03-04,2
2010-03-03,2
2010-03-02,2
2010-03-01,2
2010-02-28,2
2010-02-27,2
2010-02-26,2
2010-02-25,2
2010-02-24,2
2010-02-23,2
2010-02-22,2
2010-02-21,2
2010-02-20,2
2010-02-19,2
2010-02-18,2
2010-02-17,2
2010-02-16,2
2010-02-15,2
2010-02-14,2
2010-02-13,2
2010-02-12,2
2010-02-11,2
2010-02-10,2
2010-02-09,2
2010-02-08,2
2010-02-07,2
2010-02-06,2
2010-02-05,2
2010-02-04,2
2010-02-03,2
2010-02-02,2
2010-02-01,2
2010-01-31,2
2010-01-30,2
2010-01-29,2
2010-01-28,2
2010-01-27,2
2010-01-26,2
2010-01-25,2
2010-01-24,2
2010-01-23,2
2010-01-22,2
2010-01-21,2
2010-01-20,2
2010-01-19,2
2010-01-18,2
2010-01-17,2
2010-01-16,2
2010-01-15,2
2010-01-14,2
2010-01-13,2
2010-01-12,2
2010-01-11,2
2010-01-10,2
2010-01-09,2
2010-01-08,2
2010-01-07,2
2010-01-06,2
2010-01-05,2
2010-01-04,2
2010-01-03,2
2010-01-02,2
2010-01-01,2
2009-12-31,2
2009-12-30,2
2009-12-29,2
2009-12-28,2
2009-12-27,2
2009-12-26,2
2009-12-25,2
2009-12-24,2
2009-12-23,2
2009-12-22,2
2009-12-21,2
2009-12-20,2
2009-12-19,2
2009-12-18,2
2009-12-17,2
2009-12-16,2
2009-12-15,2
2009-12-14,2
2009-12-13,2
2009-12-12,2
2009-12-11,2
2009-12-10,2
2009-12-09,2
2009-12-08,2
2009-12-07,2
2009-12-06,2
2009-12-05,2
2009-12-04,2
2009-12-03,2
2009-12-02,2
2009-12-01,2
2009-11-30,2
2009-11-29,2
2009-11-28,2
2009-11-27,2
2009-11-26,2
2009-11-25,2
2009-11-24,2
2009-11-23,2
2009-11-22,2
2009-11-21,2
2009-11-20,2
2009-11-19,2
2009-11-18,2
2009-11-17,2
2009-11-16,2
2009-11-15,2
2009-11-14,2
2009-11-13,2
2009-11-12,2
2009-11-11,2
2009-11-10,2
2009-11-09,2
2009-11-08,2
2009-11-07,2
2009-11-06,2
2009-11-05,2
2009-11-04,2
2009-11-03,2
2009-11-02,2
2009-11-01,2
2009-10-31,2
2009-10-30,2
2009-10-29,2
2009-10-28,2
2009-10-27,2
2009-10-26,2
2009-10-25,2
2009-10-24,2
2009-10-23,2
2009-10-22,2
2009-10-21,2
2009-10-20,2
2009-10-19,2
2009-10-18,2
2009-10-17,2
2009-10-16,2
2009-10-15,2
2009-10-14,2
2009-10-13,2
2009-10-12,2
2009-10-11,2
2009-10-10,2
2009-10-09,2
2009-10-08,2
2009-10-07,2
2009-10-06,2
2009-10-05,2
2009-10-04,2
2009-10-03,2
2009-10-02,2
2009-10-01,2
2009-09-30,2
2009-09-29,2
2009-09-28,2
2009-09-27,2
2009-09-26,2
2009-09-25,2
2009-09-24,2
2009-09-23,2
2009-09-22,2
2009-09-21,2
2009-09-20,2
2009-09-19,2
2009-09-18,2
2009-09-17,2
2009-09-16,2
2009-09-15,2
2009-09-14,2
2009-09-13,2
2009-09-12,2
2009-09-11,2
2009-09-10,2
2009-09-09,2
2009-09-08,2
2009-09-07,2
2009-09-06,2
2009-09-05,2
2009-09-04,2
2009-09-03,2
2009-09-02,2
2009-09-01,2
2009-08-31,2
2009-08-30,2
2009-08-29,2
2009-08-28,2
2009-08-27,2
2009-08-26,2
2009-08-25,2
2009-08-24,2
2009-08-23,2
2009-08-22,2
2009-08-21,2
2009-08-20,2
2009-08-19,2
2009-08-18,2
2009-08-17,2
2009-08-16,2
2009-08-15,2
2009-08-14,2
2009-08-13,2
2009-08-12,2
2009-08-11,2
2009-08-10,2
2009-08-09,2
2009-08-08,2
2009-08-07,2
2009-08-06,2
2009-08-05,2
2009-08-04,2
2009-08-03,2
2009-08-02,2
2009-08-01,2
2009-07-31,2
2009-07-30,2
2009-07-29,2
2009-07-28,2
2009-07-27,2
2009-07-26,2
2009-07-25,2
2009-07-24,2
2009-07-23,2
2009-07-22,2
2009-07-21,2
2009-07-20,2
2009-07-19,2
2009-07-18,2
2009-07-17,2
2009-07-16,2
2009-07-15,2
2009-07-14,2
2009-07-13,2
2009-07-12,2
2009-07-11,2
2009-07-10,2
2009-07-09,2
2009-07-08,2
2009-07-07,2
2009-07-06,2
2009-07-05,2
2009-07-04,2
2009-07-03,2
2009-07-02,2
2009-07-01,2
2009-06-30,2
2009-06-29,2
2009-06-28,2
2009-06-27,2
2009-06-26,2
2009-06-25,2
2009-06-24,2
2009-06-23,2
2009-06-22,2
2009-06-21,2
2009-06-20,2
2009-06-19,2
2009-06-18,2
2009-06-17,2
2009-06-16,2
2009-06-15,2
2009-06-14,2
2009-06-13,2
2009-06-12,2
2009-06-11,2
2009-06-10,2
2009-06-09,2
2009-06-08,2
2009-06-07,2
2009-06-06,2
2009-06-05,2
2009-06-04,2
2009-06-03,2
2009-06-02,2
2009-06-01,2
2009-05-31,2
2009-05-30,2
2009-05-29,2
2009-05-28,2
2009-05-27,2
2009-05-26,2
2009-05-25,2
2009-05-24,2
2009-05-23,2
2009-05-22,2
2009-05-21,2
2009-05-20,2
2009-05-19,2
2009-05-18,2
2009-05-17,2
2009-05-16,2
2009-05-15,2
2009-05-14,2
2009-05-13,2
2009-05-12,2
2009-05-11,2
2009-05-10,2
2009-05-09,2
2009-05-08,2
2009-05-07,2
2009-05-06,2
2009-05-05,2
2009-05-04,2
2009-05-03,2
2009-05-02,2
2009-05-01,2
2009-04-30,2
2009-04-29,2
2009-04-28,2
2009-04-27,2
2009-04-26,2
2009-04-25,2
2009-04-24,2
2009-04-23,2
2009-04-22,2
2009-04-21,2
2009-04-20,2
2009-04-19,2
2009-04-18,2
2009-04-17,2
2009-04-16,2
2009-04-15,2
2009-04-14,2
2009-04-13,2
2009-04-12,2
2009-04-11,2
2009-04-10,2
2009-04-09,2
2009-04-08,2
2009-04-07,2
2009-04-06,2
2009-04-05,2
2009-04-04,2
2009-04-03,2
2009-04-02,2
2009-04-01,2
2009-03-31,2
2009-03-30,2
2009-03-29,2
2009-03-28,2
2009-03-27,2
2009-03-26,2
2009-03-25,2
2009-03-24,2
2009-03-23,2
2009-03-22,2
2009-03-21,2
2009-03-20,2
2009-03-19,2
2009-03-18,2
2009-03-17,2
2009-03-16,2
2009-03-15,2
2009-03-14,2
2009-03-13,2
2009-03-12,2
2009-03-11,2
2009-03-10,2
2009-03-09,2
2009-03-08,2
2009-03-07,2
2009-03-06,2
2009-03-05,2
2009-03-04,2
2009-03-03,2
2009-03-02,2
2009-03-01,2
2009-02-28,2
2009-02-27,2
2009-02-26,2
2009-02-25,2
2009-02-24,2
2009-02-23,2
2009-02-22,2
2009-02-21,2
2009-02-20,2
2009-02-19,2
2009-02-18,2
2009-02-17,2
2009-02-16,2
2009-02-15,2
2009-02-14,2
2009-02-13,2
2009-02-12,2
2009-02-11,2
2009-02-10,2
2009-02-09,2
2009-02-08,2
2009-02-07,2
2009-02-06,2
2009-02-05,2
2009-02-04,2
2009-02-03,2
2009-02-02,2
2009-02-01,2
2009-01-31,2
2009-01-30,2
2009-01-29,2
2009-01-28,2
2009-01-27,2
2009-01-26,2
2009-01-25,2
2009-01-24,2
2009-01-23,2
2009-01-22,2
2009-01-21,2
2009-01-20,2
2009-01-19,2
2009-01-18,2
2009-01-17,2
2009-01-16,2
2009-01-15,2
2009-01-14,2
2009-01-13,2
2009-01-12,2
2009-01-11,2
2009-01-10,2
2009-01-09,2
2009-01-08,2
2009-01-07,2
2009-01-06,2
2009-01-05,2
2009-01-04,2
2009-01-03,2
2009-01-02,2